idiom,instance,label,meaning,maxVote,gold_0,gold_1,AssignmentId,WorkerId,TimeMe
"Mr Right, Ms Right","at the costume party, they found their Mr Right and Ms Right outfits in the store",literal,the best future life partner for someone,literal,literal,literal,"['34T446B1CGU0JY86MV1WGY535W6C0M', '3JV9LGBJW9UY3RGUQ2ZQWQM01REOGY']","['A1HKYY6XI2OHO1', 'A290OV59Q76QC8']","[108.273, 45.577]"
a bird in the hand,"holding a bird in the hand, she carefully examined its feathers",literal,a possession that is worthy,literal,literal,literal,"['3TEM0PF1QLDAOQEKMRW704NLQWJ0DB', '3IRIK4HM3Q0VX9ULOKHDPZFUIZSC6N']","['A1HKYY6XI2OHO1', 'A290OV59Q76QC8']","[96.687, 47.933]"
a hard nut to crack,the mysterious case was a hard nut to crack for the detective,figurative,a problem that is difficult to solve,figurative,figurative,figurative,"['3KYQYYSHYBNVR763OCYIQ5J3OZYODO', '3MMN5BL1WFK99CJUI7DTLS8M2MVM3A']","['A290OV59Q76QC8', 'A2A6FH0F7LD9ND']","[41.239, 71.186]"
a litmus test,"in the chemistry lab, the new policy was a litmus test to determine the acidity of a solution",literal,someone's decision or opinion about something that suggests what they think about a wider range of related things,tie,discard,figurative,"['3KOPY89HMOIJ84D9FA0150G5YSZJ32', '3KKG4CDWKYEFKOJ4TCE7QBU8GNJ49D']","['A1HKYY6XI2OHO1', 'A290OV59Q76QC8']","[120.387, 48.432]"
a trip to the sun,he planned a trip to the sun when he decided to pursue his wildest dreams,figurative,something which is very unlikely,figurative,figurative,figurative,"['3Z7EFSHGNPU8GOEHP7Q3PCSEF3RCXH', '3EG49X351ASJ075GFGD03C04JHG6XJ']","['A290OV59Q76QC8', 'A2LMQ4497NMK3S']","[62.052, 146.511]"
a wet blanket,"after the rainstorm, the picnic blanket was being a wet blanket on the ground",literal,a person who spoils other people's fun.,literal,literal,literal,"['3XC1O3LBO82U2BZ3XAI53SXVWGHLTN', '3GD6L00D38DDZ95FV3ZAXZTP42G1MW']","['A1HKYY6XI2OHO1', 'A290OV59Q76QC8']","[106.194, 40.352]"
a witch hunt,the company started a witch hunt to find the person responsible for the leak,figurative,an attempt to find and punish people whose opinions are unpopular and who are said to be a danger to society,figurative,figurative,figurative,"['3BDCF01OGDAQJXYX7G54B9PABI0LYD', '3Y54SXRO111XL1MX6OA6UFTE97ATUP']","['A2A6FH0F7LD9ND', 'A38DXFI1TZA295']","[113.946, 31.328]"
acid test,moving in together was the acid test for their relationship to see if they could handle living with each other,figurative,a test that proves a hypothesis or validity of a product or idea,figurative,figurative,figurative,"['3XUHV3NRV0EQVD5N5TL98KYAZWNH5M', '3RKNTXVS32ETP7T9LIS7M65SM514AS']","['A2A6FH0F7LD9ND', 'A2LMQ4497NMK3S']","[65.204, 151.035]"
air their dirty laundry,they aired their dirty laundry outside on the clothesline,literal,to make public something embarrassing that should be kept secret,literal,literal,literal,"['3Z7EFSHGNPU8GOEHP7Q3PCSEF3RCXH', '3EG49X351ASJ075GFGD03C04JHG6XJ']","['A290OV59Q76QC8', 'A2LMQ4497NMK3S']","[62.052, 146.511]"
all ears,"in the surreal art exhibit, the walls appeared to be all ears",literal,saying that you are all ears means the other person has got your full attention in terms of listening to him,literal,literal,literal,"['36WLNQG78FQG0JVUG24GQ31PHCGEB3', '37C0GNLMHVJ5210ZOGCO95XC3Z4D6O']","['A1HKYY6XI2OHO1', 'A2LMQ4497NMK3S']","[116.321, 153.414]"
all the rage,"in the 90s, the new fashion trend was all the rage among teenagers",figurative,when something is the height of popularity,figurative,figurative,figurative,"['3SB5N7Y3OJKD0AOBOHXF6PQI3OYG00', '3DIP6YHAPS8XYLXNDQK6Z1BO96VE84']","['A1HKYY6XI2OHO1', 'A290OV59Q76QC8']","[120.967, 52.012]"
apple polisher,he got the promotion by being an apple polisher and constantly flattering the boss,figurative,a flatterer; toady,figurative,figurative,figurative,"['382M9COHEXVVWI40GTLBVTTD6XNEUK', '3E337GFOLPOGL6GIPNZDH1MVBH9GNB']","['A1HKYY6XI2OHO1', 'A2LMQ4497NMK3S']","[125.714, 155.442]"
apples and oranges,arguing about their preferences in music was like comparing apples and oranges,figurative,two things that are fundamentally different and therefore not suited to comparison,figurative,figurative,figurative,"['3CPLWGV3M4F16WTABHT3PK0874EN9R', '34MAJL3QPK3T5MUOC3DXZYRMGVA43X']","['A1HKYY6XI2OHO1', 'AKQAI78JTXXC9']","[108.83, 111.134]"
apples and oranges,"at the grocery store, they were comparing apples and oranges to decide which fruit to buy",literal,two things that are fundamentally different and therefore not suited to comparison,literal,literal,literal,"['38YMOXR4MAF4B70Q5BHE1TMXAFA6WQ', '30MVJZJNH2T5N62PWJ1BWDJRYKAJ9K']","['A1HKYY6XI2OHO1', 'A2A6FH0F7LD9ND']","[99.355, 38.979]"
apples to apples,"to make a fair judgment, we need to compare apples to apples in this situation",figurative,having a fair comparison between the two things,tie,ambiguous,figurative,"['3SUWZRL0METAU7EZKBN8FNFX3B6E6J', '3I7DHKZYG3G6HHEHA3X95ZMXJH9F5L']","['A2A6FH0F7LD9ND', 'A2H1QUGX0SOUMH']","[52.399, 420.147]"
arm in arm,the two companies walked arm in arm in their joint venture,figurative,to be closely allied,figurative,figurative,figurative,"['3R5F3LQFVI0YU8BZGUNFHX26CH8ZOY', '34MAJL3QPK3T5MUOC3DXZYRMGVC43Z']","['A2A6FH0F7LD9ND', 'A38DXFI1TZA295']","[47.996, 27.061]"
asleep at the wheel,the manager was asleep at the wheel when the company lost a major client,figurative,"when someone is not sufficiently attentive, especially at a critical moment when vigilance is required",tie,figurative,ambiguous,"['308Q0PEVBOT9SVIJE1GBKC4RL5K9IX', '3SNLUL3WOK392OESXF8F8OJXFUPLUF']","['A290OV59Q76QC8', 'A2A6FH0F7LD9ND']","[41.075, 83.204]"
at daggers drawn,the actors were at daggers drawn with each other during the stage fight scene,literal,almost ready to fight,literal,literal,literal,"['3E7TUJ2EGS2SKK2XMNF0TFOET0C9DV', '3IGI0VL64N04DJXGD6CLMAVX231ON7']","['A1HKYY6XI2OHO1', 'A2A6FH0F7LD9ND']","[141.766, 36.871]"
at the bottom of the ladder,"before climbing, she started at the bottom of the ladder and checked each rung for stability",literal,"occupying the lowest, most basic position in a given group",literal,literal,literal,"['32RIADZIS8KXP3F32IEY76ZY8BA4SQ', '3OS4RQUCRPV86XVQBDOM8LMPTDZFBQ']","['A290OV59Q76QC8', 'A2LMQ4497NMK3S']","[83.249, 148.876]"
at the drop of a dime,our team is always ready at the drop of a dime to tackle any challenge,figurative,something that can happen very fast without hesitation,figurative,figurative,figurative,"['39GHHAVOMV74Q0WDFO5KF58BCSVJ4N', '3SKEMFQBZJL0KLPX9CV9XWOTT3RK8U']","['A1HKYY6XI2OHO1', 'A290OV59Q76QC8']","[111.002, 86.66]"
at the drop of the hat,"as a professional hat catcher, he was ready at the drop of a hat to catch any falling hats",literal,to do something easily and without any preparation,literal,literal,literal,"['3TOK3KHVJ9YFAY5TXZVWQD972OV7OE', '3M68NM076XNZ3BJ46H78EUEGI0VR68']","['A1HKYY6XI2OHO1', 'A290OV59Q76QC8']","[123.647, 59.048]"
back against the wall,"with no other options left, he had his back against the wall and had to make a decision",figurative,to be in a tough situation with limited options,figurative,figurative,figurative,"['3XC1O3LBO82U2BZ3XAI53SXVWGHLTN', '3GD6L00D38DDZ95FV3ZAXZTP42G1MW']","['A1HKYY6XI2OHO1', 'A290OV59Q76QC8']","[106.194, 40.352]"
back door,she went through the back door to avoid being seen by the guests,literal,to take indirect or unofficial route to get something done,tie,ambiguous,literal,"['3Z7EFSHGNPU8GOEHP7Q3PCSEF3RCXH', '3EG49X351ASJ075GFGD03C04JHG6XJ']","['A290OV59Q76QC8', 'A2LMQ4497NMK3S']","[62.052, 146.511]"
back the wrong horse,"at the racetrack, she backed the wrong horse and lost her bet",literal,to make the wrong decision and support a person or action that is later unsuccessful,literal,literal,literal,"['3F6KKYWMNRHD9M6RNXY5BGJYYPTND8', '37QW5D2ZRW2Y8425EL4BOIF3AX58S0']","['A1HKYY6XI2OHO1', 'A2A6FH0F7LD9ND']","[124.668, 63.569]"
back to the salt mines,"after a relaxing vacation, it's time for going back to the salt mines and working hard",figurative,"resume work, usually with some reluctance",ambiguous,ambiguous,ambiguous,"['337RC3OW0LI9F33S25IK4ALGT1XLV3', '31LVTDXBLNQHMWMBTLDA3DWD8VKLRA']","['A1HKYY6XI2OHO1', 'A290OV59Q76QC8']","[100.005, 56.233]"
back to the salt mines,the miners finished their lunch break and were going back to the salt mines to continue their work,literal,"resume work, usually with some reluctance",literal,literal,literal,"['35K3O9HUART6D07AL4QC9TSAWABEFO', '3VJ40NV2QY328W20A2YXV91PRLOOT9']","['A1HKYY6XI2OHO1', 'A1I7H6RDJS4EKN']","[125.003, 2125.893]"
bad blood,"after the transfusion, the doctor discovered that there's bad blood between them",literal,to have ill feelings towards someone,tie,literal,ambiguous,"['3CPLWGV3M4F16WTABHT3PK0874EN9R', '34MAJL3QPK3T5MUOC3DXZYRMGVA43X']","['A1HKYY6XI2OHO1', 'AKQAI78JTXXC9']","[108.83, 111.134]"
bad blood,"due to their past disagreements, there's bad blood between them",figurative,to have ill feelings towards someone,figurative,figurative,figurative,"['3K3R2QNK8RJE1MDJ8I5P3FS2F0B9U9', '3HL8HNGX4LHPI4GTDTAQHFRZ5DS9F6']","['A290OV59Q76QC8', 'A2LMQ4497NMK3S']","[37.079, 153.593]"
ball and chain,the prisoner was carrying a ball and chain as a part of his punishment,literal,a burden or problem that ties you down and prevents you from doing what you want,literal,literal,literal,"['3CPLWGV3M4F16WTABHT3PK0874EN9R', '34MAJL3QPK3T5MUOC3DXZYRMGVA43X']","['A1HKYY6XI2OHO1', 'AKQAI78JTXXC9']","[108.83, 111.134]"
bare bones,the archaeologist presented the bare bones of the ancient skeleton,literal,most basic and important elements or facts,literal,literal,literal,"['3D4CH1LGEQ9VW4COODG8Z0RB6SS9G5', '39RP059MEX9EC7N7X0SZ3B6YQE8BMQ']","['A290OV59Q76QC8', 'A2A6FH0F7LD9ND']","[46.477, 87.946]"
bark up the wrong tree,accusing her of stealing the documents was barking up the wrong tree,figurative,waste one's efforts by pursuing the wrong thing or path,figurative,figurative,figurative,"['3KOPY89HMOIJ84D9FA0150G5YSZJ32', '3KKG4CDWKYEFKOJ4TCE7QBU8GNJ49D']","['A1HKYY6XI2OHO1', 'A290OV59Q76QC8']","[120.387, 48.432]"
bats in the belfry,his wild theories and peculiar behavior made others think he had bats in the belfry,figurative,to be silly and slightly crazy and behave in a confused way,figurative,figurative,figurative,"['3P1L2B7ADH5EPJUV1TW69IR8X80LO1', '37FMASSAYS7SGOXGCLU7BIZH95OBIA']","['A1HKYY6XI2OHO1', 'A2A6FH0F7LD9ND']","[100.216, 34.816]"
bats in the belfry,the old church tower had bats in the belfry that flew out at dusk,literal,to be silly and slightly crazy and behave in a confused way,literal,literal,literal,"['3Z7EFSHGNPU8GOEHP7Q3PCSEF3RCXH', '3EG49X351ASJ075GFGD03C04JHG6XJ']","['A290OV59Q76QC8', 'A2LMQ4497NMK3S']","[62.052, 146.511]"
begun to see the light,"as the sun rose, she began to see the light streaming through the window",literal,to suddenly begin to understand,literal,literal,literal,"['3K3R2QNK8RJE1MDJ8I5P3FS2F0B9U9', '3HL8HNGX4LHPI4GTDTAQHFRZ5DS9F6']","['A290OV59Q76QC8', 'A2LMQ4497NMK3S']","[37.079, 153.593]"
being bouncing off the walls,the rubber ball kept bouncing off the walls in the small room,literal,excited and full of nervous energy,literal,literal,literal,"['3TK8OJTYMH1Z6OIQUXBRLRU0YBYPV5', '30IQTZXKA0MOMWJ1DRXJUBQD6EUX09']","['A290OV59Q76QC8', 'A2YO837C0O1E91']","[53.466, 45.91]"
between a rock and a hard place,he was caught between a rock and a hard place when he had to choose between his job and his family,figurative,having two very bad choices,figurative,figurative,figurative,"['3BDCF01OGDAQJXYX7G54B9PABI0LYD', '3Y54SXRO111XL1MX6OA6UFTE97ATUP']","['A2A6FH0F7LD9ND', 'A38DXFI1TZA295']","[113.946, 31.328]"
bite off more than one can chew,"by accepting too many projects at once, he bit off more than he could chew",figurative,"to try to do something that is too difficult for you, or more than you can manage",figurative,figurative,figurative,"['382M9COHEXVVWI40GTLBVTTD6XNEUK', '3E337GFOLPOGL6GIPNZDH1MVBH9GNB']","['A1HKYY6XI2OHO1', 'A2LMQ4497NMK3S']","[125.714, 155.442]"
bits and pieces,"after the meeting, we gathered the bits and pieces of information to create a report",figurative,miscellaneous small objects,figurative,figurative,figurative,"['34T446B1CGU0JY86MV1WGY535W6C0M', '3JV9LGBJW9UY3RGUQ2ZQWQM01REOGY']","['A1HKYY6XI2OHO1', 'A290OV59Q76QC8']","[108.273, 45.577]"
bitter medicine,the doctor prescribed a dose of bitter medicine to treat his illness,literal,something difficult to accept,literal,literal,literal,"['3SB5N7Y3OJKD0AOBOHXF6PQI3OYG00', '3DIP6YHAPS8XYLXNDQK6Z1BO96VE84']","['A1HKYY6XI2OHO1', 'A290OV59Q76QC8']","[120.967, 52.012]"
bitter pill,he had to swallow a bitter pill when he realized he couldn't afford his dream car,figurative,something unpleasant to be endured,figurative,figurative,figurative,"['3KYQYYSHYBNVR763OCYIQ5J3OZYODO', '3MMN5BL1WFK99CJUI7DTLS8M2MVM3A']","['A290OV59Q76QC8', 'A2A6FH0F7LD9ND']","[41.239, 71.186]"
black hole,scientists discovered a black hole in the system while observing the galaxy,literal,a place in which things are lost never to be seen again,literal,literal,literal,"['3LYA37P8I63JMJN4COFJOYEU19DBKL', '30BUDKLTXTBEB3ELFSD3NH1X7GZ5EY']","['A1HKYY6XI2OHO1', 'A290OV59Q76QC8']","[103.787, 47.3]"
blazing row,the firefighters had a blazing row of flames to extinguish,literal,a very angry argument,literal,literal,literal,"['3SPJ03342HJKO7AX4VTRVUCI7TVJY9', '38JBBYETQ4QWFKAL1NUTIPVJ7K0E4Y']","['A290OV59Q76QC8', 'A2A6FH0F7LD9ND']","[49.674, 47.302]"
blind spot,he had a blind spot when it came to recognizing his own flaws,figurative,"if you have a blind spot about something, you cannot accept or understand it",figurative,figurative,figurative,"['3BDCF01OGDAQJXYX7G54B9PABI0LYD', '3Y54SXRO111XL1MX6OA6UFTE97ATUP']","['A2A6FH0F7LD9ND', 'A38DXFI1TZA295']","[113.946, 31.328]"
"blood, sweat, and tears","after the intense workout, he put in blood, sweat, and tears on the gym floor",literal,putting a lot of effort to get a task done.,tie,figurative,discard,"['3KYQYYSHYBNVR763OCYIQ5J3OZYODO', '3MMN5BL1WFK99CJUI7DTLS8M2MVM3A']","['A290OV59Q76QC8', 'A2A6FH0F7LD9ND']","[41.239, 71.186]"
"blood, sweat, and tears","he put in blood, sweat, and tears to build his business from the ground up",figurative,putting a lot of effort to get a task done.,figurative,figurative,figurative,"['3E13VNJ1N3BR3QFOAO1I56M8NTW1IG', '31QTRG6Q29TGAIDVZ8YBSQYUGSZYPM']","['A1HKYY6XI2OHO1', 'A290OV59Q76QC8']","[147.3, 42.162]"
bread and butter,"graphic design is their bread and butter, as it's their main source of income",figurative,to indicate what a person earns or earns for,figurative,figurative,figurative,"['3XC1O3LBO82U2BZ3XAI53SXVWGHLTN', '3GD6L00D38DDZ95FV3ZAXZTP42G1MW']","['A1HKYY6XI2OHO1', 'A290OV59Q76QC8']","[106.194, 40.352]"
break a leg,"before her performance, we told her to break a leg on stage",figurative,good luck,figurative,figurative,figurative,"['3LYA37P8I63JMJN4COFJOYEU19DBKL', '30BUDKLTXTBEB3ELFSD3NH1X7GZ5EY']","['A1HKYY6XI2OHO1', 'A290OV59Q76QC8']","[103.787, 47.3]"
break the mould,the sculptor was breaking the mould to reveal the finished statue,literal,to do something different from what is expected,literal,literal,literal,"['3R5F3LQFVI0YU8BZGUNFHX26CH8ZOY', '34MAJL3QPK3T5MUOC3DXZYRMGVC43Z']","['A2A6FH0F7LD9ND', 'A38DXFI1TZA295']","[47.996, 27.061]"
bright spark,"she was a bright spark in the team, always coming up with innovative ideas",figurative,an intelligent and lively person (humorously),figurative,figurative,figurative,"['3XC1O3LBO82U2BZ3XAI53SXVWGHLTN', '3GD6L00D38DDZ95FV3ZAXZTP42G1MW']","['A1HKYY6XI2OHO1', 'A290OV59Q76QC8']","[106.194, 40.352]"
bright spark,the firework display created a bright spark in the night sky,literal,an intelligent and lively person (humorously),literal,literal,literal,"['37TRT2X2467OBZHMU3F7NJEHMKDJBU', '3KXIR214IKW4K4Y583ZSGOMUAHC42O']","['A2A6FH0F7LD9ND', 'A38DXFI1TZA295']","[56.205, 91.41]"
bull in a china shop,"he was clumsy and careless, acting like a bull in a china shop during the meeting",figurative,"extremely awkward, clumsy person",tie,literal,figurative,"['3R5F3LQFVI0YU8BZGUNFHX26CH8ZOY', '34MAJL3QPK3T5MUOC3DXZYRMGVC43Z']","['A2A6FH0F7LD9ND', 'A38DXFI1TZA295']","[47.996, 27.061]"
burn bridges,"after the argument, she burned bridges with them and never spoke to them again",figurative,"remove someone's all options of retreat, act decisively",figurative,figurative,figurative,"['36WLNQG78FQG0JVUG24GQ31PHCGEB3', '37C0GNLMHVJ5210ZOGCO95XC3Z4D6O']","['A1HKYY6XI2OHO1', 'A2LMQ4497NMK3S']","[116.321, 153.414]"
burn fingers,they burned their fingers while trying to grab a hot pan,literal,to bear an unpleasant result of an action that has been taken in the past,literal,literal,literal,"['3EWIJTFFV4NFGWSKIM7R6M56Q8KE0I', '3907X2AHFGLQ9XKO6NRGJMXP1D72PC']","['A290OV59Q76QC8', 'A38DXFI1TZA295']","[49.498, 32.637]"
call bluff,"during the poker game, she called his bluff and revealed his cards",literal,"to challenge to prove one's claim, when they are likely attempting to deceive",tie,literal,ambiguous,"['38YMOXR4MAF4B70Q5BHE1TMXAFA6WQ', '30MVJZJNH2T5N62PWJ1BWDJRYKAJ9K']","['A1HKYY6XI2OHO1', 'A2A6FH0F7LD9ND']","[99.355, 38.979]"
call bluff,she called his bluff when he threatened to quit the job,figurative,"to challenge to prove one's claim, when they are likely attempting to deceive",figurative,figurative,figurative,"['3E7TUJ2EGS2SKK2XMNF0TFOET0C9DV', '3IGI0VL64N04DJXGD6CLMAVX231ON7']","['A1HKYY6XI2OHO1', 'A2A6FH0F7LD9ND']","[141.766, 36.871]"
call names,the teacher asked the students to practice calling names at each other during the roll call,literal,to insult someone,tie,literal,ambiguous,"['3QEMNNSB2DFO61E47QHGFJX8YAOD7N', '3GLB5JMZFDB7ZUP50TLALWA1XD7GDT']","['A2LMQ4497NMK3S', 'A38DXFI1TZA295']","[160.22, 66.441]"
camp follower,"as a camp follower, she provided food and supplies to the soldiers during their journey",literal,"a person who is supportive of the cause, person or organisation",tie,literal,figurative,"['35GMH2SV3UX0JDK3K792WN1OOBZOEH', '3VP0C6EFSWC86V6C19BRSVK6CDX6M0']","['A290OV59Q76QC8', 'A2A6FH0F7LD9ND']","[62.593, 57.684]"
camp follower,"he was known as a camp follower, always supporting the team but never participating",figurative,"a person who is supportive of the cause, person or organisation",figurative,figurative,figurative,"['37TRT2X2467OBZHMU3F7NJEHMKDJBU', '3KXIR214IKW4K4Y583ZSGOMUAHC42O']","['A2A6FH0F7LD9ND', 'A38DXFI1TZA295']","[56.205, 91.41]"
card up sleeve,"during the negotiation, he had a card up his sleeve that gave him an advantage",figurative,to have a secret advantage that is suddenly revealed to change the game,figurative,figurative,figurative,"['35GMH2SV3UX0JDK3K792WN1OOBZOEH', '3VP0C6EFSWC86V6C19BRSVK6CDX6M0']","['A290OV59Q76QC8', 'A2A6FH0F7LD9ND']","[62.593, 57.684]"
carry out,the team was assigned to carry out the task of improving the company's online presence,figurative,"put something into action, to accomplish something, to do something.",tie,figurative,literal,"['33SA9F9TRDA8OMT5BT0CDHEARDYEWJ', '3PW9OPU9P60NS51MLLGQIQFRYX0217']","['A290OV59Q76QC8', 'A2A6FH0F7LD9ND']","[46.421, 74.937]"
castles in the air,he spent his days building castles in the air instead of focusing on his job,figurative,thinking of some impossible task,figurative,figurative,figurative,"['3TEM0PF1QLDAOQEKMRW704NLQWJ0DB', '3IRIK4HM3Q0VX9ULOKHDPZFUIZSC6N']","['A1HKYY6XI2OHO1', 'A290OV59Q76QC8']","[96.687, 47.933]"
chapter and verse,"when asked about the new policy, she gave them chapter and verse on the company's regulations",figurative,verbatim; word for word details.,tie,ambiguous,figurative,"['3SB5N7Y3OJKD0AOBOHXF6PQI3OYG00', '3DIP6YHAPS8XYLXNDQK6Z1BO96VE84']","['A1HKYY6XI2OHO1', 'A290OV59Q76QC8']","[120.967, 52.012]"
chill to the bone,"after being outside in the freezing weather, we were chilled to the bone",literal,to get frightened or scare somebody,figurative,figurative,figurative,"['3SUWZRL0METAU7EZKBN8FNFX3B6E6J', '3I7DHKZYG3G6HHEHA3X95ZMXJH9F5L']","['A2A6FH0F7LD9ND', 'A2H1QUGX0SOUMH']","[52.399, 420.147]"
chink in armour,"after analyzing their strategy, we found a chink in their armour that we could exploit",figurative,a susceptible or vulnerable area.,figurative,figurative,figurative,"['3F6KKYWMNRHD9M6RNXY5BGJYYPTND8', '37QW5D2ZRW2Y8425EL4BOIF3AX58S0']","['A1HKYY6XI2OHO1', 'A2A6FH0F7LD9ND']","[124.668, 63.569]"
choke up,"hearing the sad news, he started to choke up and could n't speak",figurative,make a person become overemotional and speechless,tie,figurative,literal,"['3P1L2B7ADH5EPJUV1TW69IR8X80LO1', '37FMASSAYS7SGOXGCLU7BIZH95OBIA']","['A1HKYY6XI2OHO1', 'A2A6FH0F7LD9ND']","[100.216, 34.816]"
clamp down,the mechanic used a tool to clamp down on the situation and secure the loose parts,literal,suppress or prevent something in an oppressive or harsh manner,literal,literal,literal,"['32RIADZIS8KXP3F32IEY76ZY8BA4SQ', '3OS4RQUCRPV86XVQBDOM8LMPTDZFBQ']","['A290OV59Q76QC8', 'A2LMQ4497NMK3S']","[83.249, 148.876]"
close call,the two phones had a close call when they were placed side by side,literal,a narrow escape from disaster,literal,literal,literal,"['3SPJ03342HJKO7AX4VTRVUCI7TVJY9', '38JBBYETQ4QWFKAL1NUTIPVJ7K0E4Y']","['A290OV59Q76QC8', 'A2A6FH0F7LD9ND']","[49.674, 47.302]"
cloud on the horizon,"despite the success of the project, there was a cloud on the horizon in the form of budget cuts",figurative,"a problem or difficulty that is predictable, or seems likely to arise in the future",figurative,figurative,figurative,"['3IUZPWIU14NBAMLF7FBFBCRFBATWKK', '3ZDAD0O1THTP25GSBTLTEMSI3PRTXH']","['A1HKYY6XI2OHO1', 'A290OV59Q76QC8']","[103.687, 52.675]"
cold feet,she got cold feet just before her big presentation,figurative,loss of courage,figurative,figurative,figurative,"['3LYA37P8I63JMJN4COFJOYEU19DBKL', '30BUDKLTXTBEB3ELFSD3NH1X7GZ5EY']","['A1HKYY6XI2OHO1', 'A290OV59Q76QC8']","[103.787, 47.3]"
come full circle,"after years of exploring different career paths, she came full circle and returned to her passion for teaching",figurative,return to an earlier position or decision.,figurative,figurative,figurative,"['3SUWZRL0METAU7EZKBN8FNFX3B6E6J', '3I7DHKZYG3G6HHEHA3X95ZMXJH9F5L']","['A2A6FH0F7LD9ND', 'A2H1QUGX0SOUMH']","[52.399, 420.147]"
come full circle,the hiker came full circle after walking around the entire circumference of the lake,literal,return to an earlier position or decision.,literal,literal,literal,"['38YMOXR4MAF4B70Q5BHE1TMXAFA6WQ', '30MVJZJNH2T5N62PWJ1BWDJRYKAJ9K']","['A1HKYY6XI2OHO1', 'A2A6FH0F7LD9ND']","[99.355, 38.979]"
come out swinging,"as soon as the boxing match started, he came out swinging at his opponent",literal,be confrontational,literal,literal,literal,"['3ZAZR5XV0HYXLJEWQPEOMX8PN3PCZE', '3OWEPKL08PSXSD5HWKVJBO92CEQN7F']","['A1HKYY6XI2OHO1', 'A290OV59Q76QC8']","[108.016, 66.468]"
cost an arm and a leg,the designer dress she wanted cost an arm and a leg,figurative,very expensive,figurative,figurative,figurative,"['3YGXWBAF7GXHIMQ75WOYS1VGM8M4CU', '3MHW492WWGTTLLLD2HJZ4N05T6PVMH']","['A2LMQ4497NMK3S', 'A38DXFI1TZA295']","[152.895, 31.362]"
cross paths,I never thought I would cross paths with her again after high school,figurative,encounter or meet someone by chance.,tie,literal,figurative,"['3R5F3LQFVI0YU8BZGUNFHX26CH8ZOY', '34MAJL3QPK3T5MUOC3DXZYRMGVC43Z']","['A2A6FH0F7LD9ND', 'A38DXFI1TZA295']","[47.996, 27.061]"
cross paths,"while walking in the park, we happened to cross paths with her at the intersection",literal,encounter or meet someone by chance.,tie,literal,ambiguous,"['3CPLWGV3M4F16WTABHT3PK0874EN9R', '34MAJL3QPK3T5MUOC3DXZYRMGVA43X']","['A1HKYY6XI2OHO1', 'AKQAI78JTXXC9']","[108.83, 111.134]"
cross swords,"at the fencing tournament, they crossed swords with him in a thrilling match",literal,to fight with another person physically or verbally.,literal,literal,literal,"['337RC3OW0LI9F33S25IK4ALGT1XLV3', '31LVTDXBLNQHMWMBTLDA3DWD8VKLRA']","['A1HKYY6XI2OHO1', 'A290OV59Q76QC8']","[100.005, 56.233]"
cup of tea,"skydiving is not my cup of tea, I prefer calmer activities",figurative,to like something,figurative,figurative,figurative,"['3KOPY89HMOIJ84D9FA0150G5YSZJ32', '3KKG4CDWKYEFKOJ4TCE7QBU8GNJ49D']","['A1HKYY6XI2OHO1', 'A290OV59Q76QC8']","[120.387, 48.432]"
cut and dried,the process of making fruit leather involves a cut and dried decision with the fruit,literal,ready-made,literal,literal,literal,"['3SPJ03342HJKO7AX4VTRVUCI7TVJY9', '38JBBYETQ4QWFKAL1NUTIPVJ7K0E4Y']","['A290OV59Q76QC8', 'A2A6FH0F7LD9ND']","[49.674, 47.302]"
dance to tune,he always danced to the tune of his boss's demands,figurative,to do what someone else forces you to do,figurative,figurative,figurative,"['3E13VNJ1N3BR3QFOAO1I56M8NTW1IG', '31QTRG6Q29TGAIDVZ8YBSQYUGSZYPM']","['A1HKYY6XI2OHO1', 'A290OV59Q76QC8']","[147.3, 42.162]"
deep down,he knew deep down in the ocean of his heart that he had made the right decision,figurative,felt strongly and often hidden from other people,figurative,figurative,figurative,"['32RIADZIS8KXP3F32IEY76ZY8BA4SQ', '3OS4RQUCRPV86XVQBDOM8LMPTDZFBQ']","['A290OV59Q76QC8', 'A2LMQ4497NMK3S']","[83.249, 148.876]"
do the trick,"adding a little more salt to the soup, that should do the trick",figurative,successfully achieve a result,figurative,figurative,figurative,"['3KRVW3HTZ31DTT498MEUT0GYU2TSM7', '3X73LLYYQHUUL2BT9THV21YWQHMHNB']","['A1HKYY6XI2OHO1', 'A290OV59Q76QC8']","[101.172, 52.15]"
double-edged sword,"having a high-profile job can be a double-edged sword in this situation, as it brings both prestige and stress",figurative,something that could either help you or hurt you,figurative,figurative,figurative,"['33SA9F9TRDA8OMT5BT0CDHEARDYEWJ', '3PW9OPU9P60NS51MLLGQIQFRYX0217']","['A290OV59Q76QC8', 'A2A6FH0F7LD9ND']","[46.421, 74.937]"
double-edged sword,the knight wielded a double-edged sword in this situation to defend himself against multiple attackers,literal,something that could either help you or hurt you,literal,literal,literal,"['3F6KKYWMNRHD9M6RNXY5BGJYYPTND8', '37QW5D2ZRW2Y8425EL4BOIF3AX58S0']","['A1HKYY6XI2OHO1', 'A2A6FH0F7LD9ND']","[124.668, 63.569]"
down to earth,"the astronaut, once back from space, became a down-to-earth person again",literal,"decent, simple, realistic",literal,literal,literal,"['30BXRYBRPKDK8WK71U8IYKBNJTPWHG', '31Q0U3WYD5VUE6YSRXXLEHWZ9DM71S']","['A290OV59Q76QC8', 'A2A6FH0F7LD9ND']","[57.123, 70.349]"
draw a blank,"when asked about the details of the project, he was drawing a blank",figurative,to get no response from someone,figurative,figurative,figurative,"['3LYA37P8I63JMJN4COFJOYEU19DBKL', '30BUDKLTXTBEB3ELFSD3NH1X7GZ5EY']","['A1HKYY6XI2OHO1', 'A290OV59Q76QC8']","[103.787, 47.3]"
drive a wedge between,the lumberjack used a mallet to drive a wedge between them and split the log,literal,to damage the good relationship that two people or groups of people have,literal,literal,literal,"['3YGXWBAF7GXHIMQ75WOYS1VGM8M4CU', '3MHW492WWGTTLLLD2HJZ4N05T6PVMH']","['A2LMQ4497NMK3S', 'A38DXFI1TZA295']","[152.895, 31.362]"
drop a bombshell,the clumsy actor accidentally dropped a bombshell during the meeting while filming a war scene,literal,"make an unexpected, startling or disturbing announcement",literal,literal,literal,"['37TRT2X2467OBZHMU3F7NJEHMKDJBU', '3KXIR214IKW4K4Y583ZSGOMUAHC42O']","['A2A6FH0F7LD9ND', 'A38DXFI1TZA295']","[56.205, 91.41]"
drop by,the clumsy customer accidentally let a jar drop by the store entrance,literal,an informal visit,literal,literal,literal,"['3SPJ03342HJKO7AX4VTRVUCI7TVJY9', '38JBBYETQ4QWFKAL1NUTIPVJ7K0E4Y']","['A290OV59Q76QC8', 'A2A6FH0F7LD9ND']","[49.674, 47.302]"
every nook and cranny,"during the deep cleaning, they searched every nook and cranny of the house for dust and dirt",literal,to look for something everywhere,literal,literal,literal,"['308Q0PEVBOT9SVIJE1GBKC4RL5K9IX', '3SNLUL3WOK392OESXF8F8OJXFUPLUF']","['A290OV59Q76QC8', 'A2A6FH0F7LD9ND']","[41.075, 83.204]"
everything but the kitchen sink,"for our camping trip, we packed everything but the kitchen sink to be prepared",figurative,almost everything that one can think of,figurative,figurative,figurative,"['3TOK3KHVJ9YFAY5TXZVWQD972OV7OE', '3M68NM076XNZ3BJ46H78EUEGI0VR68']","['A1HKYY6XI2OHO1', 'A290OV59Q76QC8']","[123.647, 59.048]"
fall on our feet,"during the dance routine, we tripped and managed to fall on our feet",literal,to succeed in doing something where there was a risk of failure,literal,literal,literal,"['3KYQYYSHYBNVR763OCYIQ5J3OZYODO', '3MMN5BL1WFK99CJUI7DTLS8M2MVM3A']","['A290OV59Q76QC8', 'A2A6FH0F7LD9ND']","[41.239, 71.186]"
fan the flames,their constant arguing only fanned the flames together and made the situation worse,figurative,make a bad situation even worse,figurative,figurative,figurative,"['39GHHAVOMV74Q0WDFO5KF58BCSVJ4N', '3SKEMFQBZJL0KLPX9CV9XWOTT3RK8U']","['A1HKYY6XI2OHO1', 'A290OV59Q76QC8']","[111.002, 86.66]"
far cry from,the movie adaptation was a far cry from the original book,figurative,something that is very different from something else,figurative,figurative,figurative,"['30JNVC0ORP0FOZOLPL9C6VT1VSDHQ2', '3TS1AR6UQ6UL4LS0YWC63J0TAN47FS']","['A2LMQ4497NMK3S', 'AKQAI78JTXXC9']","[159.239, 113.325]"
feather in your cap,the hat you're wearing has a feather in your cap as a decoration,literal,It means to have an achievement in your name.,literal,literal,literal,"['33SA9F9TRDA8OMT5BT0CDHEARDYEWJ', '3PW9OPU9P60NS51MLLGQIQFRYX0217']","['A290OV59Q76QC8', 'A2A6FH0F7LD9ND']","[46.421, 74.937]"
feather in your cap,winning the championship would be a feather in your cap,figurative,It means to have an achievement in your name.,figurative,figurative,figurative,"['35K3O9HUART6D07AL4QC9TSAWABEFO', '3VJ40NV2QY328W20A2YXV91PRLOOT9']","['A1HKYY6XI2OHO1', 'A1I7H6RDJS4EKN']","[125.003, 2125.893]"
feather one's (own) nest,the bird was feathering her own nest with soft materials to make it cozy,literal,"If you say that you are feathering your own nest, you mean that you are working so hard to gather resources (money) to live a comfortable life in the future.",literal,literal,literal,"['3RRCEFRB72SY8HY1RWS3HHPY4NM4BN', '37U1UTWH9B2M7P2SZW46Y8A7OVLR8U']","['A290OV59Q76QC8', 'A38DXFI1TZA295']","[52.175, 48.645]"
feel the pinch,"after losing his job, he started to feel the pinch financially",figurative,experience financial hardship,figurative,figurative,figurative,"['3L4D84MILF8Y2CK8UVP39UHFHXJHJ9', '33FOTY3KE210QNTOIE5WU3ODAOCC1P']","['A1HKYY6XI2OHO1', 'A290OV59Q76QC8']","[127.917, 52.404]"
feel the pinch,"when the crab grabbed his finger, he started to feel the pinch",literal,experience financial hardship,literal,literal,literal,"['3P1L2B7ADH5EPJUV1TW69IR8X80LO1', '37FMASSAYS7SGOXGCLU7BIZH95OBIA']","['A1HKYY6XI2OHO1', 'A2A6FH0F7LD9ND']","[100.216, 34.816]"
fill the bill,the waiter filled the bill perfectly with all the items we ordered,literal,be exactly suitable for a particular situation,literal,literal,literal,"['37TRT2X2467OBZHMU3F7NJEHMKDJBU', '3KXIR214IKW4K4Y583ZSGOMUAHC42O']","['A2A6FH0F7LD9ND', 'A38DXFI1TZA295']","[56.205, 91.41]"
fingers and thumbs,the hand puppet was all fingers and thumbs with no other features,literal,to be clumsy and not very skilled with your hands,literal,literal,literal,"['30BXRYBRPKDK8WK71U8IYKBNJTPWHG', '31Q0U3WYD5VUE6YSRXXLEHWZ9DM71S']","['A290OV59Q76QC8', 'A2A6FH0F7LD9ND']","[57.123, 70.349]"
first light,"the sun began to rise, and we could see at first light the beautiful landscape",literal,the time when the light begins to appear in the morning,tie,literal,figurative,"['382M9COHEXVVWI40GTLBVTTD6XNEUK', '3E337GFOLPOGL6GIPNZDH1MVBH9GNB']","['A1HKYY6XI2OHO1', 'A2LMQ4497NMK3S']","[125.714, 155.442]"
foot in mouth,I put my foot in my mouth when I accidentally insulted her cooking,figurative,to say something by accident that embarrasses or upsets someone,figurative,figurative,figurative,"['3XC1O3LBO82U2BZ3XAI53SXVWGHLTN', '3GD6L00D38DDZ95FV3ZAXZTP42G1MW']","['A1HKYY6XI2OHO1', 'A290OV59Q76QC8']","[106.194, 40.352]"
get hitched,"during their road trip, they decided to get hitched to a trailer for extra storage",literal,to get married,literal,literal,literal,"['3KOPY89HMOIJ84D9FA0150G5YSZJ32', '3KKG4CDWKYEFKOJ4TCE7QBU8GNJ49D']","['A1HKYY6XI2OHO1', 'A290OV59Q76QC8']","[120.387, 48.432]"
get one's feet wet,they got their feet wet by starting with a small project before tackling the big one,figurative,to begin taking part in a new activity,tie,figurative,ambiguous,"['3F6KKYWMNRHD9M6RNXY5BGJYYPTND8', '37QW5D2ZRW2Y8425EL4BOIF3AX58S0']","['A1HKYY6XI2OHO1', 'A2A6FH0F7LD9ND']","[124.668, 63.569]"
get out of bed on the wrong side,"he was so grumpy today, it seemed like he got out of bed on the wrong side",figurative,be very irritable and grouchy,figurative,figurative,figurative,"['3XUHV3NRV0EQVD5N5TL98KYAZWNH5M', '3RKNTXVS32ETP7T9LIS7M65SM514AS']","['A2A6FH0F7LD9ND', 'A2LMQ4497NMK3S']","[65.204, 151.035]"
get to the bottom,the detective was determined to get to the bottom of the issue and solve the case,figurative,to find out the truth relating to a situation,tie,figurative,literal,"['3KYQYYSHYBNVR763OCYIQ5J3OZYODO', '3MMN5BL1WFK99CJUI7DTLS8M2MVM3A']","['A290OV59Q76QC8', 'A2A6FH0F7LD9ND']","[41.239, 71.186]"
give it a whirl,"unsure of the outcome, he gave it a whirl and tried the new recipe",figurative,to try something new.,figurative,figurative,figurative,"['3DBQWDE4YMEI59RY8RGMD4V6L8VN50', '3S96KQ6I92KB4ZBBKTKHKFPQN7ETDE']","['A1HKYY6XI2OHO1', 'A290OV59Q76QC8']","[126.835, 45.423]"
give the slip,"she accidentally gave him the slip when she handed him a wet, slippery object",literal,to get away,literal,literal,literal,"['3ZAZR5XV0HYXLJEWQPEOMX8PN3PCZE', '3OWEPKL08PSXSD5HWKVJBO92CEQN7F']","['A1HKYY6XI2OHO1', 'A290OV59Q76QC8']","[108.016, 66.468]"
go round in circles,the team was going round in circles trying to solve the problem,figurative,work at something but keep failing to make progress with it.,figurative,figurative,figurative,"['3KRVW3HTZ31DTT498MEUT0GYU2TSM7', '3X73LLYYQHUUL2BT9THV21YWQHMHNB']","['A1HKYY6XI2OHO1', 'A290OV59Q76QC8']","[101.172, 52.15]"
go through the roof,the rocket went through the roof of the building during the experiment,literal,to become very angry,literal,literal,literal,"['3IUZPWIU14NBAMLF7FBFBCRFBATWKK', '3ZDAD0O1THTP25GSBTLTEMSI3PRTXH']","['A1HKYY6XI2OHO1', 'A290OV59Q76QC8']","[103.687, 52.675]"
got somebody's goat,her constant teasing finally got his goat and he lost his temper,figurative,to annoy or irritate someone,figurative,figurative,figurative,"['3YGXWBAF7GXHIMQ75WOYS1VGM8MC42', '3LRLIPTPE6PE39IC6AFNTNUOJRRKAY']","['A1HKYY6XI2OHO1', 'A290OV59Q76QC8']","[115.33, 43.487]"
had your chips,"once you finished eating, you had your chips and were ready to leave",literal,when someone has completely failed in what they set out to achieve,literal,literal,literal,"['3TEM0PF1QLDAOQEKMRW704NLQWJ0DB', '3IRIK4HM3Q0VX9ULOKHDPZFUIZSC6N']","['A1HKYY6XI2OHO1', 'A290OV59Q76QC8']","[96.687, 47.933]"
hand in hand,success and hard work walked hand in hand in her life,figurative,close ties or connections,figurative,figurative,figurative,"['3D4CH1LGEQ9VW4COODG8Z0RB6SS9G5', '39RP059MEX9EC7N7X0SZ3B6YQE8BMQ']","['A290OV59Q76QC8', 'A2A6FH0F7LD9ND']","[46.477, 87.946]"
hands are tied,"During the magic trick, the magician made sure my hands are tied securely with a rope",literal,to not be able to do anything about a situation,literal,literal,literal,"['3TEM0PF1QLDAOQEKMRW704NLQWJ0DB', '3IRIK4HM3Q0VX9ULOKHDPZFUIZSC6N']","['A1HKYY6XI2OHO1', 'A290OV59Q76QC8']","[96.687, 47.933]"
happy camper,"after the long meeting, she was not a happy camper",figurative,to be content or satisfied with what is happening in your lifes and have no complaints,tie,figurative,ambiguous,"['38YMOXR4MAF4B70Q5BHE1TMXAFA6WQ', '30MVJZJNH2T5N62PWJ1BWDJRYKAJ9K']","['A1HKYY6XI2OHO1', 'A2A6FH0F7LD9ND']","[99.355, 38.979]"
hard cheese,"while tasting different types of dairy products, she experienced hard cheese among them",literal,"bad luck, tough luck",literal,literal,literal,"['3QEMNNSB2DFO61E47QHGFJX8YAOD7N', '3GLB5JMZFDB7ZUP50TLALWA1XD7GDT']","['A2LMQ4497NMK3S', 'A38DXFI1TZA295']","[160.22, 66.441]"
have a big mouth,the hippopotamus has a big mouth that can open up to 150 degrees,literal,one who gossips more or says things that are meant to be kept secret,literal,literal,literal,"['35GMH2SV3UX0JDK3K792WN1OOBZOEH', '3VP0C6EFSWC86V6C19BRSVK6CDX6M0']","['A290OV59Q76QC8', 'A2A6FH0F7LD9ND']","[62.593, 57.684]"
hit the nail on the head,"when she suggested a new marketing strategy, she really hit the nail on the head",figurative,be accurately right about something,figurative,figurative,figurative,"['31HQ4X3T38QTNBMO8ADFTN19UX3SL5', '3180JW2OTKSMMJ0DTTOUKXEPCOQJ5S']","['A290OV59Q76QC8', 'A2A6FH0F7LD9ND']","[48.675, 79.492]"
hit the road,"during the earthquake, the car forcefully hit the road together with a loud thud",literal,depart,literal,literal,literal,"['3E7TUJ2EGS2SKK2XMNF0TFOET0C9DV', '3IGI0VL64N04DJXGD6CLMAVX231ON7']","['A1HKYY6XI2OHO1', 'A2A6FH0F7LD9ND']","[141.766, 36.871]"
hit the roof,"when he found out about the surprise party, he hit the roof unexpectedly",figurative,experience sudden anger,figurative,figurative,figurative,"['3JWH6J9I98TKUP87917ZGQVYV4HNB1', '3Z3ZLGNNSYA0URHMA0KA21SRCNRQ30']","['A1HKYY6XI2OHO1', 'A38DXFI1TZA295']","[120.909, 50.118]"
hold all the aces,"during the negotiation, he held all the aces and had the upper hand",figurative,be in a winning position.,tie,figurative,ambiguous,"['38YMOXR4MAF4B70Q5BHE1TMXAFA6WQ', '30MVJZJNH2T5N62PWJ1BWDJRYKAJ9K']","['A1HKYY6XI2OHO1', 'A2A6FH0F7LD9ND']","[99.355, 38.979]"
hold all the aces,"during the poker game, he held all the aces in his hand",literal,be in a winning position.,literal,literal,literal,"['36WLNQG78FQG0JVUG24GQ31PHCGEB3', '37C0GNLMHVJ5210ZOGCO95XC3Z4D6O']","['A1HKYY6XI2OHO1', 'A2LMQ4497NMK3S']","[116.321, 153.414]"
hornets' nest,"while clearing the backyard, she accidentally stirred up a hornets' nest and got stung",literal,a violent situation or one with a lot of dispute,literal,literal,literal,"['3Z7EFSHGNPU8GOEHP7Q3PCSEF3RCXH', '3EG49X351ASJ075GFGD03C04JHG6XJ']","['A290OV59Q76QC8', 'A2LMQ4497NMK3S']","[62.052, 146.511]"
in cold blood,"the villain committed the crime in cold blood, showing no remorse",figurative,in a cruel way and without pity or other emotion,figurative,figurative,figurative,"['3JWH6J9I98TKUP87917ZGQVYV4HNB1', '3Z3ZLGNNSYA0URHMA0KA21SRCNRQ30']","['A1HKYY6XI2OHO1', 'A38DXFI1TZA295']","[120.909, 50.118]"
in high dudgeon,"she left the room in high dudgeon, a castle known for its dramatic history",literal,feeling or exhibiting great resentment,tie,literal,discard,"['3W8CV64QJIF9W07Z8JYQK03CLS59H4', '33PPUNGG3OL1RL3F8M4JBS7BN4TRZ0']","['A1HKYY6XI2OHO1', 'A38DXFI1TZA295']","[104.323, 76.872]"
in hot water,he found himself in hot water after forgetting to submit the report on time,figurative,in trouble or state of shame,figurative,figurative,figurative,"['37W3JXSD6MO6URAWBUC6KK6Q9P3WYG', '3EWIJTFFV4NFGWSKIM7R6M56Q8K0E4']","['A2LMQ4497NMK3S', 'A38DXFI1TZA295']","[146.281, 44.872]"
in one's blood,"she's a natural athlete, it's in her blood",figurative,a natural or inherited characteristic.,tie,figurative,literal,"['3SPJ03342HJKO7AX4VTRVUCI7TVJY9', '38JBBYETQ4QWFKAL1NUTIPVJ7K0E4Y']","['A290OV59Q76QC8', 'A2A6FH0F7LD9ND']","[49.674, 47.302]"
in the bag,"after weeks of preparation, she had it in the bag and aced the interview",figurative,have something as good as secured or certain,figurative,figurative,figurative,"['3QEMNNSB2DFO61E47QHGFJX8YAOD7N', '3GLB5JMZFDB7ZUP50TLALWA1XD7GDT']","['A2LMQ4497NMK3S', 'A38DXFI1TZA295']","[160.22, 66.441]"
in the dark,"during the power outage, we were kept in the dark until the electricity came back",literal,"uninformed, a state of ignorance.",literal,literal,literal,"['30JNVC0ORP0FOZOLPL9C6VT1VS9HQY', '37C0GNLMHVJ5210ZOGCO95XC3Z7D6R']","['A1HKYY6XI2OHO1', 'A290OV59Q76QC8']","[127.313, 77.38]"
in touch,"even after moving to another city, we promised to stay in touch",figurative,"to remain in contact with someone, especially when separated by time or distance",figurative,figurative,figurative,"['3YGXWBAF7GXHIMQ75WOYS1VGM8M4CU', '3MHW492WWGTTLLLD2HJZ4N05T6PVMH']","['A2LMQ4497NMK3S', 'A38DXFI1TZA295']","[152.895, 31.362]"
it's not brain surgery,"fixing a broken computer is complicated, but it's not brain surgery",literal,to indicate that a specific task is simple and easy to undertake ,figurative,figurative,figurative,"['3DBQWDE4YMEI59RY8RGMD4V6L8VN50', '3S96KQ6I92KB4ZBBKTKHKFPQN7ETDE']","['A1HKYY6XI2OHO1', 'A290OV59Q76QC8']","[126.835, 45.423]"
jam on your face,"while eating breakfast, he accidentally had jam on his face from the toast",literal,"people who appear to be caught, embarrassed or found guilty",literal,literal,literal,"['3KRVW3HTZ31DTT498MEUT0GYU2TSM7', '3X73LLYYQHUUL2BT9THV21YWQHMHNB']","['A1HKYY6XI2OHO1', 'A290OV59Q76QC8']","[101.172, 52.15]"
"judge, jury and executioner","in the dystopian play, the main character was acting as judge, jury, and executioner in a twisted legal system",literal,"people that are in charge of every decision made, and they have the power to be rid of whomever they choose",literal,literal,literal,"['30JNVC0ORP0FOZOLPL9C6VT1VS9HQY', '37C0GNLMHVJ5210ZOGCO95XC3Z7D6R']","['A1HKYY6XI2OHO1', 'A290OV59Q76QC8']","[127.313, 77.38]"
jungle out there,"as we entered the dense rainforest, our guide warned us, it's a jungle out there",literal,the situation is dangerous and is characterized by ruthless behavior and competition,literal,literal,literal,"['31HQ4X3T38QTNBMO8ADFTN19UX3SL5', '3180JW2OTKSMMJ0DTTOUKXEPCOQJ5S']","['A290OV59Q76QC8', 'A2A6FH0F7LD9ND']","[48.675, 79.492]"
just deserts,"after cheating on the test, they received their just deserts when they were caught",figurative,get what one deserves,figurative,figurative,figurative,"['34T446B1CGU0JY86MV1WGY535W6C0M', '3JV9LGBJW9UY3RGUQ2ZQWQM01REOGY']","['A1HKYY6XI2OHO1', 'A290OV59Q76QC8']","[108.273, 45.577]"
just off the boat,"he was so naive and inexperienced, as if he was just off the boat",figurative,a person who is naive and inexperienced,figurative,figurative,figurative,"['3KRVW3HTZ31DTT498MEUT0GYU2TSM7', '3X73LLYYQHUUL2BT9THV21YWQHMHNB']","['A1HKYY6XI2OHO1', 'A290OV59Q76QC8']","[101.172, 52.15]"
just what the doctor ordered,a relaxing vacation was just what the doctor ordered after a stressful year,figurative,exactly what was wanted or needed,figurative,figurative,figurative,"['3TK8OJTYMH1Z6OIQUXBRLRU0YBYPV5', '30IQTZXKA0MOMWJ1DRXJUBQD6EUX09']","['A290OV59Q76QC8', 'A2YO837C0O1E91']","[53.466, 45.91]"
know which side one's bread is buttered,he carefully observed the sandwich and knows which side his bread is buttered to avoid getting his hands greasy,literal,to be cognizant of where one's interests lie in a given situation.,literal,literal,literal,"['3TK8OJTYMH1Z6OIQUXBRLRU0YBYPV5', '30IQTZXKA0MOMWJ1DRXJUBQD6EUX09']","['A290OV59Q76QC8', 'A2YO837C0O1E91']","[53.466, 45.91]"
knowing which way the wind blows,he made a wise decision by knowing which way the wind blows in the company,figurative,this means that you should know how things are developing and be prepared for the future,figurative,figurative,figurative,"['3TK8OJTYMH1Z6OIQUXBRLRU0YBYPV5', '30IQTZXKA0MOMWJ1DRXJUBQD6EUX09']","['A290OV59Q76QC8', 'A2YO837C0O1E91']","[53.466, 45.91]"
let sleeping dogs lie,it's better to let sleeping dogs lie and not bring up past conflicts,figurative,its best to leave a situation as it is if disturbing it might cause trouble,figurative,figurative,figurative,"['3E7TUJ2EGS2SKK2XMNF0TFOET0C9DV', '3IGI0VL64N04DJXGD6CLMAVX231ON7']","['A1HKYY6XI2OHO1', 'A2A6FH0F7LD9ND']","[141.766, 36.871]"
let the cat out of the bag,he accidentally let the cat out of the bag about the surprise party,figurative,to let a secret out in the open,figurative,figurative,figurative,"['3D4CH1LGEQ9VW4COODG8Z0RB6SS9G5', '39RP059MEX9EC7N7X0SZ3B6YQE8BMQ']","['A290OV59Q76QC8', 'A2A6FH0F7LD9ND']","[46.477, 87.946]"
lie low,"during the game of hide and seek, he decided to lie low in the tall grass",literal,"To go out of sight, usually after having done something bad.",literal,literal,literal,"['3YGXWBAF7GXHIMQ75WOYS1VGM8M4CU', '3MHW492WWGTTLLLD2HJZ4N05T6PVMH']","['A2LMQ4497NMK3S', 'A38DXFI1TZA295']","[152.895, 31.362]"
live at rack and manger,"after winning the lottery, they lived at rack and manger with no financial worries",figurative,in between plenty and abundance,figurative,figurative,figurative,"['30JNVC0ORP0FOZOLPL9C6VT1VS9HQY', '37C0GNLMHVJ5210ZOGCO95XC3Z7D6R']","['A1HKYY6XI2OHO1', 'A290OV59Q76QC8']","[127.313, 77.38]"
loaves and fishes,the charity event shared loaves and fishes by providing for the needy,figurative,done for material benefits,tie,literal,ambiguous,"['3TOK3KHVJ9YFAY5TXZVWQD972OV7OE', '3M68NM076XNZ3BJ46H78EUEGI0VR68']","['A1HKYY6XI2OHO1', 'A290OV59Q76QC8']","[123.647, 59.048]"
long run,the marathon was in the long run category of races,literal,far away in the future,literal,literal,literal,"['3TOK3KHVJ9YFAY5TXZVWQD972OV7OE', '3M68NM076XNZ3BJ46H78EUEGI0VR68']","['A1HKYY6XI2OHO1', 'A290OV59Q76QC8']","[123.647, 59.048]"
look before you leap,"when making a big decision, always remember to look before you leap",figurative,to make sure that everything is alright before doing something important which you cannot revert,tie,figurative,ambiguous,"['308Q0PEVBOT9SVIJE1GBKC4RL5K9IX', '3SNLUL3WOK392OESXF8F8OJXFUPLUF']","['A290OV59Q76QC8', 'A2A6FH0F7LD9ND']","[41.075, 83.204]"
lose it,she lost it during the meeting when her pen slipped out of her hand,literal,go insane or crazy,tie,literal,ambiguous,"['3L4D84MILF8Y2CK8UVP39UHFHXJHJ9', '33FOTY3KE210QNTOIE5WU3ODAOCC1P']","['A1HKYY6XI2OHO1', 'A290OV59Q76QC8']","[127.917, 52.404]"
lose your marbles,"after working non-stop for days, he finally lost his marbles and started talking nonsense",figurative,strange behaviors.,figurative,figurative,figurative,"['3E13VNJ1N3BR3QFOAO1I56M8NTW1IG', '31QTRG6Q29TGAIDVZ8YBSQYUGSZYPM']","['A1HKYY6XI2OHO1', 'A290OV59Q76QC8']","[147.3, 42.162]"
made it,"despite the heavy traffic, they finally made it to the party",literal,used to indicated the completion of a task,figurative,figurative,figurative,"['3KOPY89HMOIJ84D9FA0150G5YSZJ32', '3KKG4CDWKYEFKOJ4TCE7QBU8GNJ49D']","['A1HKYY6XI2OHO1', 'A290OV59Q76QC8']","[120.387, 48.432]"
make ends meet,"after losing her job, she was struggling to make ends meet and pay her bills",figurative,make sufficient money to survive on,figurative,figurative,figurative,"['31HQ4X3T38QTNBMO8ADFTN19UX3SL5', '3180JW2OTKSMMJ0DTTOUKXEPCOQJ5S']","['A290OV59Q76QC8', 'A2A6FH0F7LD9ND']","[48.675, 79.492]"
make ends meet,the tailor was struggling to make ends meet when sewing the two pieces of fabric together,literal,make sufficient money to survive on,literal,literal,literal,"['3P1L2B7ADH5EPJUV1TW69IR8X80LO1', '37FMASSAYS7SGOXGCLU7BIZH95OBIA']","['A1HKYY6XI2OHO1', 'A2A6FH0F7LD9ND']","[100.216, 34.816]"
make ones bed and lie on it,they made their bed and lied on it when they decided to invest in that risky business,figurative,to be responsible for what you have done and accept the results,figurative,figurative,figurative,"['3L4D84MILF8Y2CK8UVP39UHFHXJHJ9', '33FOTY3KE210QNTOIE5WU3ODAOCC1P']","['A1HKYY6XI2OHO1', 'A290OV59Q76QC8']","[127.917, 52.404]"
meet halfway,"since they lived on opposite sides of town, they agreed to meet halfway in the park for a picnic",literal,to reach a compromise,literal,literal,literal,"['3JWH6J9I98TKUP87917ZGQVYV4HNB1', '3Z3ZLGNNSYA0URHMA0KA21SRCNRQ30']","['A1HKYY6XI2OHO1', 'A38DXFI1TZA295']","[120.909, 50.118]"
mend fences,"after the argument, he started mending fences with her by apologizing",figurative,to try and improve a bad relationship with another party,figurative,figurative,figurative,"['3BDCF01OGDAQJXYX7G54B9PABI0LYD', '3Y54SXRO111XL1MX6OA6UFTE97ATUP']","['A2A6FH0F7LD9ND', 'A38DXFI1TZA295']","[113.946, 31.328]"
mind your own business,the entrepreneurs were minding their own business by managing their respective companies,literal,to look into your own matter,literal,literal,literal,"['31HQ4X3T38QTNBMO8ADFTN19UX3SL5', '3180JW2OTKSMMJ0DTTOUKXEPCOQJ5S']","['A290OV59Q76QC8', 'A2A6FH0F7LD9ND']","[48.675, 79.492]"
my hands are full,"Carrying a stack of books and a cup of coffee, my hands are full at the moment",literal,someone is too busy or has too much going on to be able to do or become involved with anything else,literal,literal,literal,"['3IUZPWIU14NBAMLF7FBFBCRFBATWKK', '3ZDAD0O1THTP25GSBTLTEMSI3PRTXH']","['A1HKYY6XI2OHO1', 'A290OV59Q76QC8']","[103.687, 52.675]"
nail in the coffin,the undertaker put the final nail in the coffin before lowering it into the ground,literal,"an action/event that will help bring about the death, end, or failure of something or someone",literal,literal,literal,"['32RIADZIS8KXP3F32IEY76ZY8BA4SQ', '3OS4RQUCRPV86XVQBDOM8LMPTDZFBQ']","['A290OV59Q76QC8', 'A2LMQ4497NMK3S']","[83.249, 148.876]"
off the hook,"after untangling the fishing line, we managed to let him off the hook",literal,free of a difficult situation,tie,ambiguous,literal,"['37TRT2X2467OBZHMU3F7NJEHMKDJBU', '3KXIR214IKW4K4Y583ZSGOMUAHC42O']","['A2A6FH0F7LD9ND', 'A38DXFI1TZA295']","[56.205, 91.41]"
old school,the museum showcased an old school approach to education with antique desks and chalkboards,literal,old fashioned ideas or approach compared to current trends,literal,literal,literal,"['3RRCEFRB72SY8HY1RWS3HHPY4NM4BN', '37U1UTWH9B2M7P2SZW46Y8A7OVLR8U']","['A290OV59Q76QC8', 'A38DXFI1TZA295']","[52.175, 48.645]"
on a silver platter,he served it on a silver platter by doing all the work for her,figurative,to get something without having to work for it,figurative,figurative,figurative,"['30JNVC0ORP0FOZOLPL9C6VT1VSDHQ2', '3TS1AR6UQ6UL4LS0YWC63J0TAN47FS']","['A2LMQ4497NMK3S', 'AKQAI78JTXXC9']","[159.239, 113.325]"
on its knees,"in the art installation, the city was on its knees as the artist had created a miniature version of it, resting on two large sculptures of human knees",literal,something that is in a very weak situation or on the verge of failure,literal,literal,literal,"['3JWH6J9I98TKUP87917ZGQVYV4HNB1', '3Z3ZLGNNSYA0URHMA0KA21SRCNRQ30']","['A1HKYY6XI2OHO1', 'A38DXFI1TZA295']","[120.909, 50.118]"
on pins and needles,"during the acupressure therapy session, she was waiting on pins and needles placed on her back",literal,being anxious or nervous,literal,literal,literal,"['3YGXWBAF7GXHIMQ75WOYS1VGM8MC42', '3LRLIPTPE6PE39IC6AFNTNUOJRRKAY']","['A1HKYY6XI2OHO1', 'A290OV59Q76QC8']","[115.33, 43.487]"
on pins and needles,"while anticipating the exam results, we were waiting on pins and needles",figurative,being anxious or nervous,figurative,figurative,figurative,"['37W3JXSD6MO6URAWBUC6KK6Q9P3WYG', '3EWIJTFFV4NFGWSKIM7R6M56Q8K0E4']","['A2LMQ4497NMK3S', 'A38DXFI1TZA295']","[146.281, 44.872]"
on the brink of,the company was on the brink of something big when they launched their new product,figurative,to be on the verge of doing something,figurative,figurative,figurative,"['36WLNQG78FQG0JVUG24GQ31PHCGEB3', '37C0GNLMHVJ5210ZOGCO95XC3Z4D6O']","['A1HKYY6XI2OHO1', 'A2LMQ4497NMK3S']","[116.321, 153.414]"
on the crest of a wave,"after the successful product launch, the company was riding on the crest of a wave",figurative,to reach the highest point of success,figurative,figurative,figurative,"['34T446B1CGU0JY86MV1WGY535W6C0M', '3JV9LGBJW9UY3RGUQ2ZQWQM01REOGY']","['A1HKYY6XI2OHO1', 'A290OV59Q76QC8']","[108.273, 45.577]"
on the money,his prediction about the game's outcome was right on the money,figurative,being right about something.,figurative,figurative,figurative,"['30JNVC0ORP0FOZOLPL9C6VT1VSDHQ2', '3TS1AR6UQ6UL4LS0YWC63J0TAN47FS']","['A2LMQ4497NMK3S', 'AKQAI78JTXXC9']","[159.239, 113.325]"
on the pig's back,"after winning the lottery, he was riding on the pig's back and enjoying his newfound wealth",figurative,a successful situation and everything is going well for that person,figurative,figurative,figurative,"['3IUZPWIU14NBAMLF7FBFBCRFBATWKK', '3ZDAD0O1THTP25GSBTLTEMSI3PRTXH']","['A1HKYY6XI2OHO1', 'A290OV59Q76QC8']","[103.687, 52.675]"
out of business,the new competitor put them out of business by offering lower prices,figurative,out of operational conditions,literal,literal,literal,"['35K3O9HUART6D07AL4QC9TSAWABEFO', '3VJ40NV2QY328W20A2YXV91PRLOOT9']","['A1HKYY6XI2OHO1', 'A1I7H6RDJS4EKN']","[125.003, 2125.893]"
out of hand,the ball got out of hand when he accidentally dropped it,literal,out of control,literal,literal,literal,"['3XUHV3NRV0EQVD5N5TL98KYAZWNH5M', '3RKNTXVS32ETP7T9LIS7M65SM514AS']","['A2A6FH0F7LD9ND', 'A2LMQ4497NMK3S']","[65.204, 151.035]"
outside the lines,the child was coloring outside the lines in his coloring book,literal,not sticking to the rules,literal,literal,literal,"['32RIADZIS8KXP3F32IEY76ZY8BA4SQ', '3OS4RQUCRPV86XVQBDOM8LMPTDZFBQ']","['A290OV59Q76QC8', 'A2LMQ4497NMK3S']","[83.249, 148.876]"
over my dead body,"he smirked and said, 'over my dead body will you ever beat me in a race'",figurative,"in no way, under no circumstances",figurative,figurative,figurative,"['3TOK3KHVJ9YFAY5TXZVWQD972OV7OE', '3M68NM076XNZ3BJ46H78EUEGI0VR68']","['A1HKYY6XI2OHO1', 'A290OV59Q76QC8']","[123.647, 59.048]"
pass away,our beloved grandmother passed away peacefully in her sleep,figurative,die,tie,figurative,literal,"['3RRCEFRB72SY8HY1RWS3HHPY4NM4BN', '37U1UTWH9B2M7P2SZW46Y8A7OVLR8U']","['A290OV59Q76QC8', 'A38DXFI1TZA295']","[52.175, 48.645]"
pieces of the same cake,she cut two pieces of the same cake to share with her friend,literal,things that have the same characteristics or qualities,tie,literal,figurative,"['39GHHAVOMV74Q0WDFO5KF58BCSVJ4N', '3SKEMFQBZJL0KLPX9CV9XWOTT3RK8U']","['A1HKYY6XI2OHO1', 'A290OV59Q76QC8']","[111.002, 86.66]"
piss and vinegar,the container was accidentally full of piss and vinegar after a mix-up at the factory,literal,to self-reference someone who is in a bad mood and ready to fight.,tie,literal,discard,"['35K3O9HUART6D07AL4QC9TSAWABEFO', '3VJ40NV2QY328W20A2YXV91PRLOOT9']","['A1HKYY6XI2OHO1', 'A1I7H6RDJS4EKN']","[125.003, 2125.893]"
playing second fiddle,"in the orchestra, he was playing second fiddle to her during the performance",literal,to play a secondary or minor role with regards to someone else,literal,literal,literal,"['3RRCEFRB72SY8HY1RWS3HHPY4NM4BN', '37U1UTWH9B2M7P2SZW46Y8A7OVLR8U']","['A290OV59Q76QC8', 'A38DXFI1TZA295']","[52.175, 48.645]"
prick up ears,"when the speaker mentioned a new opportunity, the audience pricked up their ears",figurative,to start paying attention,figurative,figurative,figurative,"['30JNVC0ORP0FOZOLPL9C6VT1VSDHQ2', '3TS1AR6UQ6UL4LS0YWC63J0TAN47FS']","['A2LMQ4497NMK3S', 'AKQAI78JTXXC9']","[159.239, 113.325]"
pull a rabbit out of the hat,our team pulled a rabbit out of the hat by winning the game in the last minute,figurative,do something unexpected or surprising,figurative,figurative,figurative,"['33SA9F9TRDA8OMT5BT0CDHEARDYEWJ', '3PW9OPU9P60NS51MLLGQIQFRYX0217']","['A290OV59Q76QC8', 'A2A6FH0F7LD9ND']","[46.421, 74.937]"
put damper on,the fire marshal put a damper on the event by adjusting the ventilation system,literal,to discourage someone from doing something that they want to,tie,ambiguous,literal,"['3SB5N7Y3OJKD0AOBOHXF6PQI3OYG00', '3DIP6YHAPS8XYLXNDQK6Z1BO96VE84']","['A1HKYY6XI2OHO1', 'A290OV59Q76QC8']","[120.967, 52.012]"
put his heart into,"as a bizarre art installation, he put his heart into the project by placing a replica of a human heart in the center",literal,to be very enthusiastic and invest a lot of energy and hard work in something,literal,literal,literal,"['3SB5N7Y3OJKD0AOBOHXF6PQI3OYG00', '3DIP6YHAPS8XYLXNDQK6Z1BO96VE84']","['A1HKYY6XI2OHO1', 'A290OV59Q76QC8']","[120.967, 52.012]"
put the cart before the horse,"by focusing on the design before understanding the requirements, they were putting the cart before the horse",figurative,to do things in the wrong order or sequence,figurative,figurative,figurative,"['31HQ4X3T38QTNBMO8ADFTN19UX3SL5', '3180JW2OTKSMMJ0DTTOUKXEPCOQJ5S']","['A290OV59Q76QC8', 'A2A6FH0F7LD9ND']","[48.675, 79.492]"
put the clock back,"due to daylight saving time, we had to put the clock back an hour",literal,change to a lower level or earlier time.,literal,literal,literal,"['3L4D84MILF8Y2CK8UVP39UHFHXJHJ9', '33FOTY3KE210QNTOIE5WU3ODAOCC1P']","['A1HKYY6XI2OHO1', 'A290OV59Q76QC8']","[127.917, 52.404]"
put the clock back,he wished he could put the clock back an hour to avoid the embarrassing situation,figurative,change to a lower level or earlier time.,tie,figurative,ambiguous,"['30JNVC0ORP0FOZOLPL9C6VT1VSDHQ2', '3TS1AR6UQ6UL4LS0YWC63J0TAN47FS']","['A2LMQ4497NMK3S', 'AKQAI78JTXXC9']","[159.239, 113.325]"
rabbit hole,"researching the topic, I went down the rabbit hole of conspiracy theories",figurative,mentally go somewhere surreal or strange,figurative,figurative,figurative,"['3YGXWBAF7GXHIMQ75WOYS1VGM8MC42', '3LRLIPTPE6PE39IC6AFNTNUOJRRKAY']","['A1HKYY6XI2OHO1', 'A290OV59Q76QC8']","[115.33, 43.487]"
raise eyebrows,the instructor asked everyone to raised eyebrows at the meeting as a facial exercise,literal,to show surprise or disapproval by the expression on their face,literal,literal,literal,"['3LYA37P8I63JMJN4COFJOYEU19DBKL', '30BUDKLTXTBEB3ELFSD3NH1X7GZ5EY']","['A1HKYY6XI2OHO1', 'A290OV59Q76QC8']","[103.787, 47.3]"
rats in the attic,"when they went up to clean, they found rats in the attic",literal,someone who is bit mad or that their behaviour is eccentric,literal,literal,literal,"['3L4D84MILF8Y2CK8UVP39UHFHXJHJ9', '33FOTY3KE210QNTOIE5WU3ODAOCC1P']","['A1HKYY6XI2OHO1', 'A290OV59Q76QC8']","[127.917, 52.404]"
ready to drop,"after working for 12 hours straight, he looked ready to drop",figurative,to be extremely tired and nearly too exhausted to stay standing,figurative,figurative,figurative,"['3YGXWBAF7GXHIMQ75WOYS1VGM8MC42', '3LRLIPTPE6PE39IC6AFNTNUOJRRKAY']","['A1HKYY6XI2OHO1', 'A290OV59Q76QC8']","[115.33, 43.487]"
recharge one's batteries,they plugged in their devices to recharge their batteries before leaving the house,literal,take a break or holiday to relax and regain one's vim and vigour,literal,literal,literal,"['3YGXWBAF7GXHIMQ75WOYS1VGM8M4CU', '3MHW492WWGTTLLLD2HJZ4N05T6PVMH']","['A2LMQ4497NMK3S', 'A38DXFI1TZA295']","[152.895, 31.362]"
red book,"after years of research, he finally found a red book of knowledge",figurative,"any document or publication, which is bound in red and serves as an official collection of rules, regulations, laws, or legal principles.",tie,literal,ambiguous,"['337RC3OW0LI9F33S25IK4ALGT1XLV3', '31LVTDXBLNQHMWMBTLDA3DWD8VKLRA']","['A1HKYY6XI2OHO1', 'A290OV59Q76QC8']","[100.005, 56.233]"
red book,she found a red book on the shelf at the library,literal,"any document or publication, which is bound in red and serves as an official collection of rules, regulations, laws, or legal principles.",ambiguous,ambiguous,ambiguous,"['3QEMNNSB2DFO61E47QHGFJX8YAOD7N', '3GLB5JMZFDB7ZUP50TLALWA1XD7GDT']","['A2LMQ4497NMK3S', 'A38DXFI1TZA295']","[160.22, 66.441]"
red herring,the detective found a red herring in the suspect's alibi,figurative,something irrelevant that distracts you from something important,figurative,figurative,figurative,"['3EWIJTFFV4NFGWSKIM7R6M56Q8KE0I', '3907X2AHFGLQ9XKO6NRGJMXP1D72PC']","['A290OV59Q76QC8', 'A38DXFI1TZA295']","[49.498, 32.637]"
red herring,"while exploring the fish market, we found a red herring among the seafood",literal,something irrelevant that distracts you from something important,literal,literal,literal,"['308Q0PEVBOT9SVIJE1GBKC4RL5K9IX', '3SNLUL3WOK392OESXF8F8OJXFUPLUF']","['A290OV59Q76QC8', 'A2A6FH0F7LD9ND']","[41.075, 83.204]"
ring fencing,the accountant was ring fencing the funds by placing them in a separate account with a unique password,literal,to create a separate legal entity through the way of off-shore accounting in order to protect some assets in a corporation,tie,figurative,literal,"['3ZAZR5XV0HYXLJEWQPEOMX8PN3PCZE', '3OWEPKL08PSXSD5HWKVJBO92CEQN7F']","['A1HKYY6XI2OHO1', 'A290OV59Q76QC8']","[108.016, 66.468]"
ring fencing,the company decided to ring fencing the funds for the research department,figurative,to create a separate legal entity through the way of off-shore accounting in order to protect some assets in a corporation,figurative,figurative,figurative,"['3D4CH1LGEQ9VW4COODG8Z0RB6SS9G5', '39RP059MEX9EC7N7X0SZ3B6YQE8BMQ']","['A290OV59Q76QC8', 'A2A6FH0F7LD9ND']","[46.477, 87.946]"
rip off,the plagiarized book seemed to rip off the cover of the original work,figurative,the act of stealing,figurative,figurative,figurative,"['3E13VNJ1N3BR3QFOAO1I56M8NTW1IG', '31QTRG6Q29TGAIDVZ8YBSQYUGSZYPM']","['A1HKYY6XI2OHO1', 'A290OV59Q76QC8']","[147.3, 42.162]"
rip off,"with a strong pull, he managed to rip off the cover of the old book",literal,the act of stealing,literal,literal,literal,"['3W8CV64QJIF9W07Z8JYQK03CLS59H4', '33PPUNGG3OL1RL3F8M4JBS7BN4TRZ0']","['A1HKYY6XI2OHO1', 'A38DXFI1TZA295']","[104.323, 76.872]"
rock the boat,"by questioning the company's policies, he rocked the boat a bit among his colleagues",figurative,to make trouble.,figurative,figurative,figurative,"['337RC3OW0LI9F33S25IK4ALGT1XLV3', '31LVTDXBLNQHMWMBTLDA3DWD8VKLRA']","['A1HKYY6XI2OHO1', 'A290OV59Q76QC8']","[100.005, 56.233]"
roll the dice,she rolled the dice on that decision and hoped for the best,figurative,to gamble or take a chance on something or someone,tie,figurative,ambiguous,"['3ZAZR5XV0HYXLJEWQPEOMX8PN3PCZE', '3OWEPKL08PSXSD5HWKVJBO92CEQN7F']","['A1HKYY6XI2OHO1', 'A290OV59Q76QC8']","[108.016, 66.468]"
rub shoulders,"during the crowded bus ride, he accidentally rubbed shoulders with the famous actress",literal,"to meet and spend time with people, especially when they are powerful or famous",literal,literal,literal,"['3JWH6J9I98TKUP87917ZGQVYV4HNB1', '3Z3ZLGNNSYA0URHMA0KA21SRCNRQ30']","['A1HKYY6XI2OHO1', 'A38DXFI1TZA295']","[120.909, 50.118]"
second wind,"after a short break, the marathon runner found a second wind and continued running",figurative,another burst of energy when you had been too tired to finish,figurative,figurative,figurative,"['3D4CH1LGEQ9VW4COODG8Z0RB6SS9G5', '39RP059MEX9EC7N7X0SZ3B6YQE8BMQ']","['A290OV59Q76QC8', 'A2A6FH0F7LD9ND']","[46.477, 87.946]"
see eye to eye,"during the staring contest, we were seeing eye to eye with her",literal,to agree fully with someone,literal,literal,literal,"['3EWIJTFFV4NFGWSKIM7R6M56Q8KE0I', '3907X2AHFGLQ9XKO6NRGJMXP1D72PC']","['A290OV59Q76QC8', 'A38DXFI1TZA295']","[49.498, 32.637]"
sink or swim,"when thrown into the deep end of the pool, it was a sink or swim situation for the inexperienced swimmer",literal,"having to do something alone, and their success or failure depends entirely on their own efforts",literal,literal,literal,"['3W8CV64QJIF9W07Z8JYQK03CLS59H4', '33PPUNGG3OL1RL3F8M4JBS7BN4TRZ0']","['A1HKYY6XI2OHO1', 'A38DXFI1TZA295']","[104.323, 76.872]"
sit on the fence,"when it came to choosing a side, he was always sitting on the fence",figurative,delay or avoid making a decision or choice,figurative,figurative,figurative,"['382M9COHEXVVWI40GTLBVTTD6XNEUK', '3E337GFOLPOGL6GIPNZDH1MVBH9GNB']","['A1HKYY6XI2OHO1', 'A2LMQ4497NMK3S']","[125.714, 155.442]"
skating on thin ice,"despite the danger, they were skating on thin ice on the frozen lake",literal,to do something considered quite dangerous or risky,literal,literal,literal,"['36WLNQG78FQG0JVUG24GQ31PHCGEB3', '37C0GNLMHVJ5210ZOGCO95XC3Z4D6O']","['A1HKYY6XI2OHO1', 'A2LMQ4497NMK3S']","[116.321, 153.414]"
smell something fishy,"walking past the seafood market, I smelled something fishy in the air",literal,to have a suspicion that something is wrong,literal,literal,literal,"['3DBQWDE4YMEI59RY8RGMD4V6L8VN50', '3S96KQ6I92KB4ZBBKTKHKFPQN7ETDE']","['A1HKYY6XI2OHO1', 'A290OV59Q76QC8']","[126.835, 45.423]"
smooth his ruffled feathers,the bird handler had to smooth his ruffled feathers before the photoshoot,literal,to make someone feel less angry or offended,tie,literal,ambiguous,"['37W3JXSD6MO6URAWBUC6KK6Q9P3WYG', '3EWIJTFFV4NFGWSKIM7R6M56Q8K0E4']","['A2LMQ4497NMK3S', 'A38DXFI1TZA295']","[146.281, 44.872]"
smooth sailing,"on a calm day at sea, the boat would experience smooth sailing without any turbulence",literal,easy progress without impediment or difficulty,literal,literal,literal,"['35K3O9HUART6D07AL4QC9TSAWABEFO', '3VJ40NV2QY328W20A2YXV91PRLOOT9']","['A1HKYY6XI2OHO1', 'A1I7H6RDJS4EKN']","[125.003, 2125.893]"
snake in the grass,she found a snake in the grass when she discovered her friend 's betrayal,figurative,a hidden army,figurative,figurative,figurative,"['3EWIJTFFV4NFGWSKIM7R6M56Q8KE0I', '3907X2AHFGLQ9XKO6NRGJMXP1D72PC']","['A290OV59Q76QC8', 'A38DXFI1TZA295']","[49.498, 32.637]"
snow under,the unexpected blizzard left her car snowed under with work to dig it out,literal,to bury or cover something or somebody in the snow (Literal meaning),literal,literal,literal,"['3IUZPWIU14NBAMLF7FBFBCRFBATWKK', '3ZDAD0O1THTP25GSBTLTEMSI3PRTXH']","['A1HKYY6XI2OHO1', 'A290OV59Q76QC8']","[103.687, 52.675]"
spin a yarn,they spun a yarn together about their adventurous trip to the mountains,figurative,to tell a tale,figurative,figurative,figurative,"['3BDCF01OGDAQJXYX7G54B9PABI0LYD', '3Y54SXRO111XL1MX6OA6UFTE97ATUP']","['A2A6FH0F7LD9ND', 'A38DXFI1TZA295']","[113.946, 31.328]"
stop by,"during our walk, we decided to stop by the store to take shelter from the sudden downpour",literal,to meet someone or go somewhere in a brief and informal manner,literal,literal,literal,"['30BXRYBRPKDK8WK71U8IYKBNJTPWHG', '31Q0U3WYD5VUE6YSRXXLEHWZ9DM71S']","['A290OV59Q76QC8', 'A2A6FH0F7LD9ND']","[57.123, 70.349]"
straighten up and fly right,the pilot had to straighten up and fly right to avoid turbulence,literal,to get serious and stop acting absurd anymore.,literal,literal,literal,"['308Q0PEVBOT9SVIJE1GBKC4RL5K9IX', '3SNLUL3WOK392OESXF8F8OJXFUPLUF']","['A290OV59Q76QC8', 'A2A6FH0F7LD9ND']","[41.075, 83.204]"
suited and booted,"he was suited and booted for the event, wearing a tailored suit and polished shoes",literal,formally dressed; well dressed,literal,literal,literal,"['3SUWZRL0METAU7EZKBN8FNFX3B6E6J', '3I7DHKZYG3G6HHEHA3X95ZMXJH9F5L']","['A2A6FH0F7LD9ND', 'A2H1QUGX0SOUMH']","[52.399, 420.147]"
take a leaf out of someone's book,"to press and preserve the leaf, I had to carefully take a leaf out of her book of botanical specimens",literal,implement actionable advice,literal,literal,literal,"['39GHHAVOMV74Q0WDFO5KF58BCSVJ4N', '3SKEMFQBZJL0KLPX9CV9XWOTT3RK8U']","['A1HKYY6XI2OHO1', 'A290OV59Q76QC8']","[111.002, 86.66]"
take the edge off,"using a file, he took the edge off the situation by smoothing the sharp corners of the metal",literal,blunt the effect of,tie,discard,literal,"['3ZAZR5XV0HYXLJEWQPEOMX8PN3PCZE', '3OWEPKL08PSXSD5HWKVJBO92CEQN7F']","['A1HKYY6XI2OHO1', 'A290OV59Q76QC8']","[108.016, 66.468]"
tall poppy,"she was a tall poppy among them, always standing out with her exceptional achievements",figurative,a privileged or distinguished person.,figurative,figurative,figurative,"['3QEMNNSB2DFO61E47QHGFJX8YAOD7N', '3GLB5JMZFDB7ZUP50TLALWA1XD7GDT']","['A2LMQ4497NMK3S', 'A38DXFI1TZA295']","[160.22, 66.441]"
tearing a strip off,the boss was tearing a strip off the fabric of our team's morale with his harsh criticism,figurative,to reprimand someone severely for doing something wrong,figurative,figurative,figurative,"['337RC3OW0LI9F33S25IK4ALGT1XLV3', '31LVTDXBLNQHMWMBTLDA3DWD8VKLRA']","['A1HKYY6XI2OHO1', 'A290OV59Q76QC8']","[100.005, 56.233]"
that's going too far,"driving 200 miles for a cup of coffee, that's going too far for a simple pleasure",literal,to do something that is considered extreme or unacceptable,literal,literal,literal,"['3EWIJTFFV4NFGWSKIM7R6M56Q8KE0I', '3907X2AHFGLQ9XKO6NRGJMXP1D72PC']","['A290OV59Q76QC8', 'A38DXFI1TZA295']","[49.498, 32.637]"
that's going too far,insulting her family was that's going too far and crossed the line,figurative,to do something that is considered extreme or unacceptable,figurative,figurative,figurative,"['3DBQWDE4YMEI59RY8RGMD4V6L8VN50', '3S96KQ6I92KB4ZBBKTKHKFPQN7ETDE']","['A1HKYY6XI2OHO1', 'A290OV59Q76QC8']","[126.835, 45.423]"
the ball is in your court,"after I hit the tennis ball over the net, the ball is in your court now",literal,the initiative for taking action lies with somebody,literal,literal,literal,"['3XUHV3NRV0EQVD5N5TL98KYAZWNH5M', '3RKNTXVS32ETP7T9LIS7M65SM514AS']","['A2A6FH0F7LD9ND', 'A2LMQ4497NMK3S']","[65.204, 151.035]"
the brains behind,"she was the brains behind the project, coming up with innovative ideas",figurative,"used to refer to the person who originally invented a particular scheme, plan or idea",figurative,figurative,figurative,"['3TEM0PF1QLDAOQEKMRW704NLQWJ0DB', '3IRIK4HM3Q0VX9ULOKHDPZFUIZSC6N']","['A1HKYY6XI2OHO1', 'A290OV59Q76QC8']","[96.687, 47.933]"
the devil is beating his wife,"in the theatrical performance, the actor playing Satan acted out a scene where the devil is beating his wife",literal,raining whereas the sun is shining.,literal,literal,literal,"['39GHHAVOMV74Q0WDFO5KF58BCSVJ4N', '3SKEMFQBZJL0KLPX9CV9XWOTT3RK8U']","['A1HKYY6XI2OHO1', 'A290OV59Q76QC8']","[111.002, 86.66]"
the other side of the coin,"before making a decision, it's important to consider the other side of the coin and weigh the pros and cons",figurative,"the opposite aspect, contrasting arguments.",figurative,figurative,figurative,"['3R5F3LQFVI0YU8BZGUNFHX26CH8ZOY', '34MAJL3QPK3T5MUOC3DXZYRMGVC43Z']","['A2A6FH0F7LD9ND', 'A38DXFI1TZA295']","[47.996, 27.061]"
to the core,the powerful earthquake had shaken to the core of the Earth,literal,totally,literal,literal,literal,"['37W3JXSD6MO6URAWBUC6KK6Q9P3WYG', '3EWIJTFFV4NFGWSKIM7R6M56Q8K0E4']","['A2LMQ4497NMK3S', 'A38DXFI1TZA295']","[146.281, 44.872]"
top dog,"after years of hard work, she became the top dog in her company",figurative,"The term ""top dog"" means a person, group, or thing in a position of power, particularly after struggling or winning a grueling competition.",figurative,figurative,figurative,"['3W8CV64QJIF9W07Z8JYQK03CLS59H4', '33PPUNGG3OL1RL3F8M4JBS7BN4TRZ0']","['A1HKYY6XI2OHO1', 'A38DXFI1TZA295']","[104.323, 76.872]"
tore your hair out,you accidentally tore your hair out while removing the tangled hairbrush,literal,to be extremely agitated or distressed about something,literal,literal,literal,"['3KRVW3HTZ31DTT498MEUT0GYU2TSM7', '3X73LLYYQHUUL2BT9THV21YWQHMHNB']","['A1HKYY6XI2OHO1', 'A290OV59Q76QC8']","[101.172, 52.15]"
tore your hair out,you tore your hair out trying to solve that complex math problem,figurative,to be extremely agitated or distressed about something,figurative,figurative,figurative,"['3K3R2QNK8RJE1MDJ8I5P3FS2F0B9U9', '3HL8HNGX4LHPI4GTDTAQHFRZ5DS9F6']","['A290OV59Q76QC8', 'A2LMQ4497NMK3S']","[37.079, 153.593]"
turn the tables,"during the furniture rearrangement, they turned the tables on her to make more space",literal,change your position with respect to someone else.,ambiguous,ambiguous,ambiguous,"['3SUWZRL0METAU7EZKBN8FNFX3B6E6J', '3I7DHKZYG3G6HHEHA3X95ZMXJH9F5L']","['A2A6FH0F7LD9ND', 'A2H1QUGX0SOUMH']","[52.399, 420.147]"
two peas in a pod,"the twins were dressed identically, looking like two peas in a pod",literal,practically identical in appearance,tie,ambiguous,figurative,"['3XUHV3NRV0EQVD5N5TL98KYAZWNH5M', '3RKNTXVS32ETP7T9LIS7M65SM514AS']","['A2A6FH0F7LD9ND', 'A2LMQ4497NMK3S']","[65.204, 151.035]"
under fire,the politician was under fire from the crowd for his controversial statements,figurative,being shot at,figurative,figurative,figurative,"['3P1L2B7ADH5EPJUV1TW69IR8X80LO1', '37FMASSAYS7SGOXGCLU7BIZH95OBIA']","['A1HKYY6XI2OHO1', 'A2A6FH0F7LD9ND']","[100.216, 34.816]"
under the radar,he was working under the radar to avoid drawing attention to his project,figurative,"going unnoticed, avoiding unnecessary attention",figurative,figurative,figurative,"['3E7TUJ2EGS2SKK2XMNF0TFOET0C9DV', '3IGI0VL64N04DJXGD6CLMAVX231ON7']","['A1HKYY6XI2OHO1', 'A2A6FH0F7LD9ND']","[141.766, 36.871]"
wag the dog,the politician was wagging the dog by creating a diversion from the scandal,figurative,to divert attention from something that is bad,figurative,figurative,figurative,"['3K3R2QNK8RJE1MDJ8I5P3FS2F0B9U9', '3HL8HNGX4LHPI4GTDTAQHFRZ5DS9F6']","['A290OV59Q76QC8', 'A2LMQ4497NMK3S']","[37.079, 153.593]"
walking on broken glass,he accidentally dropped a glass bottle and ended up walking on broken glass in the kitchen,literal,when a person is punished for something,literal,literal,literal,"['3F6KKYWMNRHD9M6RNXY5BGJYYPTND8', '37QW5D2ZRW2Y8425EL4BOIF3AX58S0']","['A1HKYY6XI2OHO1', 'A2A6FH0F7LD9ND']","[124.668, 63.569]"
wash dirty linen in public,they washed their dirty linen in public by arguing about their personal issues on social media,figurative,discuss publicly matters that one should keep private,figurative,figurative,figurative,"['3W8CV64QJIF9W07Z8JYQK03CLS59H4', '33PPUNGG3OL1RL3F8M4JBS7BN4TRZ0']","['A1HKYY6XI2OHO1', 'A38DXFI1TZA295']","[104.323, 76.872]"
wash hands of,"after trying to help for months, they finally washed their hands of the situation and moved on",figurative,abandon taking responsibility for someone or something,figurative,figurative,figurative,"['3YGXWBAF7GXHIMQ75WOYS1VGM8MC42', '3LRLIPTPE6PE39IC6AFNTNUOJRRKAY']","['A1HKYY6XI2OHO1', 'A290OV59Q76QC8']","[115.33, 43.487]"
water under the bridge,"despite their past disagreements, they decided to let it be water under the bridge and move forward",figurative,past events that are not important anymore,figurative,figurative,figurative,"['34T446B1CGU0JY86MV1WGY535W6C0M', '3JV9LGBJW9UY3RGUQ2ZQWQM01REOGY']","['A1HKYY6XI2OHO1', 'A290OV59Q76QC8']","[108.273, 45.577]"
way around,he knows his way around computers and can fix any issue,figurative,"to find an alternative for something, someone or to perform a task",tie,figurative,literal,"['3RRCEFRB72SY8HY1RWS3HHPY4NM4BN', '37U1UTWH9B2M7P2SZW46Y8A7OVLR8U']","['A290OV59Q76QC8', 'A38DXFI1TZA295']","[52.175, 48.645]"
wet the baby's head,"after the birth of their child, they invited friends over to wet the baby's head with a small celebration",figurative,to have drink to celebrate the birth of a baby,figurative,figurative,figurative,"['382M9COHEXVVWI40GTLBVTTD6XNEUK', '3E337GFOLPOGL6GIPNZDH1MVBH9GNB']","['A1HKYY6XI2OHO1', 'A2LMQ4497NMK3S']","[125.714, 155.442]"
wheels fall off,"due to a manufacturing defect, the wheels fell off the toy car",literal,when a situation gets out of control and everything starts to go wrong,literal,literal,literal,"['30BXRYBRPKDK8WK71U8IYKBNJTPWHG', '31Q0U3WYD5VUE6YSRXXLEHWZ9DM71S']","['A290OV59Q76QC8', 'A2A6FH0F7LD9ND']","[57.123, 70.349]"
when the chips are down,he always comes through when the chips are down and we need him the most,figurative,when a situation is urgent or desperate.,figurative,figurative,figurative,"['3E13VNJ1N3BR3QFOAO1I56M8NTW1IG', '31QTRG6Q29TGAIDVZ8YBSQYUGSZYPM']","['A1HKYY6XI2OHO1', 'A290OV59Q76QC8']","[147.3, 42.162]"
when the chips are down,the poker game gets intense when the chips are down on the table,literal,when a situation is urgent or desperate.,literal,literal,literal,"['3DBQWDE4YMEI59RY8RGMD4V6L8VN50', '3S96KQ6I92KB4ZBBKTKHKFPQN7ETDE']","['A1HKYY6XI2OHO1', 'A290OV59Q76QC8']","[126.835, 45.423]"
whole nine yards,"the fabric store required her to buy the fabric in bulk, so she went the whole nine yards",literal,"everything, all of something",literal,literal,literal,"['30JNVC0ORP0FOZOLPL9C6VT1VS9HQY', '37C0GNLMHVJ5210ZOGCO95XC3Z7D6R']","['A1HKYY6XI2OHO1', 'A290OV59Q76QC8']","[127.313, 77.38]"
will never fly,"he proposed a risky investment, but we knew that idea will never fly with the board",figurative,there's no chance that something will work; to be unsuccessful,figurative,figurative,figurative,"['35GMH2SV3UX0JDK3K792WN1OOBZOEH', '3VP0C6EFSWC86V6C19BRSVK6CDX6M0']","['A290OV59Q76QC8', 'A2A6FH0F7LD9ND']","[62.593, 57.684]"
wipe the slate clean,"after a long discussion, they wiped the slate clean together and started fresh",figurative,"to make a fresh start and forget all past offences, disagreements or mistakes",tie,ambiguous,figurative,"['30BXRYBRPKDK8WK71U8IYKBNJTPWHG', '31Q0U3WYD5VUE6YSRXXLEHWZ9DM71S']","['A290OV59Q76QC8', 'A2A6FH0F7LD9ND']","[57.123, 70.349]"
wipe the slate clean,the teacher and student wiped the slate clean together after the lesson,literal,"to make a fresh start and forget all past offences, disagreements or mistakes",literal,literal,literal,"['3TK8OJTYMH1Z6OIQUXBRLRU0YBYPV5', '30IQTZXKA0MOMWJ1DRXJUBQD6EUX09']","['A290OV59Q76QC8', 'A2YO837C0O1E91']","[53.466, 45.91]"
wouldn't be seen dead,"she wouldn't be seen dead in that outfit, as it was completely out of style",figurative,to be too ashamed or embarrassed of something,figurative,figurative,figurative,"['3CPLWGV3M4F16WTABHT3PK0874EN9R', '34MAJL3QPK3T5MUOC3DXZYRMGVA43X']","['A1HKYY6XI2OHO1', 'AKQAI78JTXXC9']","[108.83, 111.134]"
wrapped up in cotton wool,she was always wrapped up in cotton wool by her overprotective parents,figurative,to be over-protected from dangers and risks,figurative,figurative,figurative,"['37W3JXSD6MO6URAWBUC6KK6Q9P3WYG', '3EWIJTFFV4NFGWSKIM7R6M56Q8K0E4']","['A2LMQ4497NMK3S', 'A38DXFI1TZA295']","[146.281, 44.872]"
yellow streak,the painting has a yellow streak running through the middle,literal,people who  have an inclination towards being fainthearted.,literal,literal,literal,"['33SA9F9TRDA8OMT5BT0CDHEARDYEWJ', '3PW9OPU9P60NS51MLLGQIQFRYX0217']","['A290OV59Q76QC8', 'A2A6FH0F7LD9ND']","[46.421, 74.937]"
you can't have your cake and eat it,"at the cake decorating competition, participants can't have the cake and eat it as they must present their creations to the judges",literal,you can't have things both ways,literal,literal,literal,"['3K3R2QNK8RJE1MDJ8I5P3FS2F0B9U9', '3HL8HNGX4LHPI4GTDTAQHFRZ5DS9F6']","['A290OV59Q76QC8', 'A2LMQ4497NMK3S']","[37.079, 153.593]"
you can't have your cake and eat it,you can't have the cake and eat it when it comes to maintaining a high-paying job and having ample free time,figurative,you can't have things both ways,figurative,figurative,figurative,"['30JNVC0ORP0FOZOLPL9C6VT1VS9HQY', '37C0GNLMHVJ5210ZOGCO95XC3Z7D6R']","['A1HKYY6XI2OHO1', 'A290OV59Q76QC8']","[127.313, 77.38]"
you can't teach an old dog new tricks,trying to convince my grandfather to use a smartphone was like teaching an old dog new tricks,figurative,you cannot make others change their habits,figurative,figurative,figurative,"['35GMH2SV3UX0JDK3K792WN1OOBZOEH', '3VP0C6EFSWC86V6C19BRSVK6CDX6M0']","['A290OV59Q76QC8', 'A2A6FH0F7LD9ND']","[62.593, 57.684]"
