idiom_0,instance_0,label_0,meaning_0,idiom_1,instance_1,label_1,meaning_1,idiom_2,instance_2,label_2,meaning_2,idiom_3,instance_3,label_3,meaning_3,idiom_4,instance_4,label_4,meaning_4
be on a collision course,their opposing political views put them on a collision course with each other,0,doing or saying things which are certain to cause a serious disagreement or a fight between them.,feather one's (own) nest,she was accused of feathering her own nest by taking bribes,0,"If you say that you are feathering your own nest, you mean that you are working so hard to gather resources (money) to live a comfortable life in the future.",Dutch uncle,he dressed up like a Dutch uncle for the historical reenactment,1,"criticize, scold or lecture someone",you bet,"he challenged me to a wager, so I said, 'you bet I'll be there'",1,for sure,take with a grain of salt,"to balance the flavor, she decided to take it with a grain of salt and sprinkled it on her dish",1,to understand that something is not completely true or right
kick the bucket,"while cleaning the barn, they accidentally kicked the bucket together and spilled water everywhere",1,to die,axe to grind,the lumberjack had an axe to grind before chopping down the tree,1,have a private or selfish reason for doing something,the sun rises and sets on them,"living on a remote island, the sun rises and sets on them every day",1,to believe that someone is the most wonderful and important person in the world; to love and adore someone more than anyone else,a wakeup call,"after failing the exam, she received a wakeup call to study harder",0,something that makes you realize that you need to take action to change a situation,dance to tune,"at the party, they danced to the tune of their favorite song",1,to do what someone else forces you to do
over the moon,she was over the moon about the news of her promotion,0,extremely pleased or happy,big brother,"as the younger sibling, she was always watched by big brother during their childhood",1,A large organization or government agency that tries to control all aspects of human life and society.,pull the plug,"due to budget constraints, the management decided to pull the plug on the project",0,to kill or discontinue,kill two birds with one stone,"with a well-aimed throw, he killed two birds with one stone in the field",1,accomplish two different things at the same time,vultures are circling,"while observing the desert landscape, we noticed the vultures are circling above a carcass",1,when something is in danger and its enemies are getting ready for the kill
on the hook,he was left on the hook for the entire project after his partner quit,0,someone who is responsible for something,caught in the crossfire,"during the heated debate between her friends, she felt caught in the crossfire",0,be badly affected by a situation where two people or group are arguing with each other.,in the doghouse,"after forgetting their anniversary, he was in the doghouse with her for a week",0,someone who is in disgrace and very unpopular at the moment,up to the mark,"his performance was not quite up to the mark, so he didn't get the promotion",0,to be good enough,build bridges,"as a mediator, my goal is to build bridges between them and resolve their conflicts",0,to foster good relationships
red tape,the event planner was dealing with red tape to decorate the venue,1,over excessive or time-consuming rules and bureaucracy that hinder progress,break down,"let me break down the situation for you, so you can understand the complexity",0,to stop working,get hitched,"after dating for five years, they decided to get hitched and start a family",0,to get married,paint the town red,"after winning the championship, they decided to paint the town red together and celebrate",0,to celebrate and have a wild time,chip on shoulder,"while carrying a wooden plank, he accidentally had a chip on his shoulder from a splinter",1,holding a grudge or grievance
cup of tea,"this green tea is not my cup of tea, I ordered black tea",1,to like something,pull your socks up,"before putting on your shoes, don't forget to pull your socks up",1,to be determined to work very hard,wouldn't be caught dead,she's so fashion-conscious that she wouldn't be caught dead in that outfit,0,dislike something very much,two peas in a pod,"they were like two peas in a pod, always doing everything together",0,practically identical in appearance,on the dot,"she arrived at 3 PM on the dot, showing her punctuality",0,exactly on time
hands are tied,"I'd love to help you, but my hands are tied due to company policy",0,to not be able to do anything about a situation,catch napping,I walked into the room and caught him napping on the couch,1,"surprise, take unawares.",kick the bucket,"the old couple, inseparable in life, kicked the bucket together in their sleep",0,to die,household name,"when the family decided to name their new puppy after her, she became a household name",1,to be very popular,not getting anywhere,"the car was stuck in the mud, and we were not getting anywhere with this vehicle",1,to make no progress at all; not improving or advancing a particular situation
smooth his ruffled feathers,I had to apologize to smooth his ruffled feathers after our disagreement,0,to make someone feel less angry or offended,get one's feet wet,they got their feet wet when they accidentally stepped into a puddle,1,to begin taking part in a new activity,wet the baby's head,"during the baptism ceremony, the priest gently wet the baby's head with holy water",1,to have drink to celebrate the birth of a baby,keep at arm's length,"despite his attempts to get closer, she kept him at arm's length due to her cautious nature",0,keep distance from something or somebody,break the mould,her innovative ideas were breaking the mould in the industry,0,to do something different from what is expected
a hard nut to crack,the thick shell made the walnut a hard nut to crack with bare hands,1,a problem that is difficult to solve,first light,he started his daily workout at first light to seize the day,0,the time when the light begins to appear in the morning,chip on shoulder,he had a chip on his shoulder after being passed over for the promotion,0,holding a grudge or grievance,scrape the bottom of the barrel,hiring that unqualified candidate was like scraping the bottom of the barrel,0,"It is a phrase used to describe something you know is not in good condition, but you have to select it since you don't have an option of choosing the better one.",pass the torch,the retiring CEO passed the torch to her as the new leader of the company,0,to pass on the responsibility
blow his own horn,he never hesitates to blow his own horn about his accomplishments,0,to talk about oneself or one's achievements especially in a way that shows pride or too much pride,back door,she went through the back door to get a promotion without proper qualifications,0,to take indirect or unofficial route to get something done,throw the baby out with the bathwater,it would be absurd to accidentally throw the baby out with the bathwater while emptying the tub,1,to remove something good in the bid of getting rid of something bad,flog a dead horse,the man in the strange painting was flogging a dead horse in the field,1,waste energy on something that has no chance of succeeding,got in his hair,the constant questions from his coworkers got in his hair and made it difficult to concentrate,0,to annoy someone so much that they cannot get on with what they are doing
pass the torch,"during the relay race, he passed the torch to her for the next lap",1,to pass on the responsibility,cash in,"at the casino, she decided to cash in on the opportunity and exchange her chips for money",1,to earn out of something in big amounts,written all over face,her excitement was written all over her face when she received the good news,0,when someone's feelings or thoughts are very clear,queer pitch,the baseball player made a queer pitch by throwing the ball in an unusual manner,1,spoil somebody's chance of doing something.,fall on his sword,he decided to fall on his sword and take responsibility for the team's failure,0,to accept the consequences of an unsuccessful or wrong action
on its knees,"after the economic crisis, the city was on its knees and struggling to recover",0,something that is in a very weak situation or on the verge of failure,in the good books,"by completing the project on time, he was in the good books of the boss",0,be in somebody's favour or good opinion,just what the doctor ordered,the prescribed medication was just what the doctor ordered for her condition,1,exactly what was wanted or needed,shades of grey,"in the complex political situation, they saw shades of grey rather than a clear right or wrong",0,refers to a situation where things are not really clear,see the light,"after struggling with the problem for hours, he finally saw the light and found the solution",0,realise or understand something
stand out,her unique fashion sense made her stand out in the crowd,0,extend beyond or above a surface,gets it out of his system,"after taking the medicine, he finally gets it out of his system through detoxification",1,get rid of a strong emotion or desire by expressing it openly or trying to fulfill it,in a nutshell,"as a creative challenge, she explained it in a nutshell by writing a tiny summary inside a walnut shell",1,to be brief and straight to the point.,get the wrong end of the stick,"while trying to pick up the stick, he accidentally got the wrong end of the stick covered in mud",1,to understand something in the wrong way,taking your medicine,facing the consequences of your actions is like taking your medicine,0,to accept the consequences of something you have done wrong
take a beating,the company's stock prices took a beating after the negative news,0,to be defeated in doing something and be reprimanded for the same,go steady,"after dating for a few months, they decided to go steady and become exclusive",0,have a romantic relationship with someone,a litmus test,"for the government, the new policy was a litmus test of public opinion",0,someone's decision or opinion about something that suggests what they think about a wider range of related things,hit the books,"in a fit of rage, he decided it was time to hit the books and threw them against the wall",1,to study very hard,watchdog,they hired a watchdog to guard their property at night,1,"one who protects against loss, corruption, waste, or objectionable practices."
more heat than light,the malfunctioning light bulb generated more heat than light and needed to be replaced,1,to cause anger or intense reaction but doesn't clarify anything,all the rage,"when the store ran out of stock, the new fashion trend was all the rage as customers angrily demanded more",1,when something is the height of popularity,loose cannon,"after losing his job, he became a loose cannon and started causing problems",0,somebody whose activities are uncommon and out of control,blue eyed boy,the child with striking azure irises was the blue-eyed boy in the family,1,a person who is treated with special favor.,spill the beans,"while carrying a bag of legumes, she tripped and spilled the beans about the surprise on the floor",1,disclose a secret or reveal something prematurely
learn to walk before you run,you should learn to walk before you run when it comes to mastering a new skill,0,to take smaller steps initially,get the sack,she got the sack from the company to carry her groceries home,1,be dismissed from the job,in the doghouse,he crawled in the doghouse with her to retrieve the lost toy,1,someone who is in disgrace and very unpopular at the moment,foot in the door,"when the door was closing, he quickly got a foot in the door to prevent it from shutting",1,succeed with a first step.,put a sock in it,"he was talking too much, so I told him to put a sock in it",0,to ask someone to stop talking
bitter pill,the medicine was so awful that she had to swallow a bitter pill,1,something unpleasant to be endured,coin money,"as mint workers, they were coining money together at the factory",1,make a great deal of money easily or very quickly.,can of worms,"by asking about his past, she inadvertently opened a can of worms in their conversation",0,"to get into something that is messy, has problems and is unwanted",plays with fire,"as a professional fire performer, she plays with fire during her shows",1,people who take unnecessary risks or behave in a dangerous way,in deep water,"while swimming in the ocean, he found himself in deep water and struggled to stay afloat",1,a very serious situation
throw the baby out with the bathwater,"in their haste to modernize the company, they decided to throw the baby out with the bathwater and discard valuable traditions",0,to remove something good in the bid of getting rid of something bad,my hands are full,"With three projects to manage and a presentation to prepare, my hands are full at the moment",0,someone is too busy or has too much going on to be able to do or become involved with anything else,cook his goose,"for dinner, the chef cooked his goose with a delicious orange sauce",1,to spoil someone's chances of success,whistle in the dark,he was whistling in the dark when he tried to reassure us about the uncertain future,0,to try to hide your fear in a scary or dangerous situation,blind as a bat,"without his glasses, he's as blind as a bat and can't see anything",0,unconscious to something
crush,she couldn't help but have a crush on the charming new coworker,0,feel love-sick for someone.,gloves are off,"after the heated argument, the gloves are off now and they won't hold back",0,people are beginning to behave in a more hostile or tenacious way; usually used to describe a dispute or fight,step on his toes,"while dancing, she accidentally stepped on his toes",1,to annoy or irritate someone by intervening in a situation that is their responsibility,pie in the sky,his plan to become a millionaire overnight was just a pie in the sky,0,used to portray or refer to something that is lovely to consider however is probably not going to happen,hit the hay,"after a long day at work, it was time to hit the hay",0,to go to sleep or head to bed.
mean business,the entrepreneurs' conference was filled with people who they really mean business,1,to be focused about achieving a goal,hide light under a bushel,"she was so talented, but she was always hiding light under a bushel by not showcasing her skills",0,to show modesty towards something or someone,the other side of the coin,"when flipping a quarter, you should consider the other side of the coin as well, since it has a 50% chance of landing",1,"the opposite aspect, contrasting arguments.",the lion's den,"as a zookeeper, she entered the lion's den to feed the animals",1,a place which is uncomfortable,Young Turk,"the new employee was a Young Turk in the company, having recently moved from Turkey",1,a young person who has many new ideas and wants a reform
stick in his throat,the fish bone stuck in his throat while he was eating dinner,1,difficulty of accepting and makes you angry or resentful,burn the candle at both ends,"during the experiment, they were burning the candle at both ends to observe the melting rate",1,to exhaust someone's energies or resources by leading a hectic life.,taking your medicine,don't forget to follow the doctor's instructions when taking your medicine,1,to accept the consequences of something you have done wrong,jury's out,"during the court recess, the jury's out on that decision, discussing the case in a separate room",1,when there is no general agreement or consensus on something,bigger fish to fry,"I can't focus on this minor issue, I have bigger fish to fry at work",0,"to have other, more important things to do."
water under the bridge,"the river flowed swiftly, and they watched as debris let it be water under the bridge",1,past events that are not important anymore,dancing on their grave,the disrespectful teenagers were caught dancing on their grave in the cemetery,1,outlive or outlast someone and celebrate their demise,dancing on their grave,he was so happy about his rival's failure that he was practically dancing on their grave,0,outlive or outlast someone and celebrate their demise,come down with,the kite came down with something tangled in its strings,1,to have (usually a disease),burn the candle at both ends,"working two jobs and studying, she was burning the candle at both ends",0,to exhaust someone's energies or resources by leading a hectic life.
snake in the shoes,he found a snake in the shoes when he discovered his best friend was betraying him,0,to be in a state of fear,open old wounds,bringing up their past mistakes opened old wounds in the conversation,0,"to revive memories of an unpleasant event, situation or dispute that took place in the past",fall at first hurdle,the new employee fell at the first hurdle when he failed to complete the initial task,0,to fail to overcome the first difficulty encountered,cover one's tracks,the thief covered their tracks by wiping away fingerprints,0,"to keep one's location, activities, and intentions hidden.",make ones bed and lie on it,"after tidying up the room, they made their bed and lied on it to take a nap",1,to be responsible for what you have done and accept the results
will never fly,"the broken-winged bird was injured, and sadly, that idea will never fly again",1,there's no chance that something will work; to be unsuccessful,put your foot in it,"when you mentioned her ex, you really put your foot in it",0,"say something (by mistake) that upsets, humiliates, or embarrasses someone",long in the tooth,"the horse was getting long in the tooth as it aged, making it easier to determine its age",1,To get too old for something.,yoke around one's neck,"during the historical reenactment, he wore a yoke around his neck to demonstrate ancient farming techniques",1,a fatiguing burden.,hit the sack,"after a long day at work, she decided to hit the sack and get some sleep",0,to go to bed
a whole new ball game,"after the company's merger, it's a whole new ball game for the employees",0,a significant change in circumstances.,keep your nose clean,"to avoid getting into trouble, focus on keeping your nose clean at work",0,to stay out of trouble by not doing anything wrong,rocket science,figuring out how to use the new software was not exactly rocket science,0,something very difficult to understand,got the slap on the wrist,"during the play, the actor got the slap on the wrist as part of the scene",1,got small punishment when a more severe punishment is deserved,do the trick,"performing a magic act, the magician said 'that should do the trick' as he pulled a rabbit from his hat",1,successfully achieve a result
keep an eye on,"as a supervisor, it's my responsibility to keep an eye on the situation and ensure everything runs smoothly",0,keep a watch on something or someone closely,skating on thin ice,"by constantly arriving late to work, he was skating on thin ice with his boss",0,to do something considered quite dangerous or risky,crack the whip,the manager cracked the whip on the team to meet the deadline,0,make someone work harder by asserting power or authority,fight a losing battle,the outnumbered soldiers knew they were fighting a losing battle against the invading forces,1,trying to do something even when there is little chance of succeeding,dark horse,"the new candidate was a dark horse in the race, surprising everyone with his unexpected success",0,"a little known, unexpectedly successful entrant"
glass ceiling,"despite her qualifications, she hit the glass ceiling in her career progression",0,"an unseen (glass) barrier for women and people who belong to minority groups in climbing up the corporate, political or the ladder of success regardless of whether they are qualified for the job",stiff upper lip,"despite the bad news, he maintained a stiff upper lip and carried on",0,to be brave in the face of adversity,child's play,the playground equipment it was child's play for the kids to enjoy,1,an informal expression meaning something that is easy to do,leg up,he gave her a leg up to help her climb over the fence,1,give or receive assistance to achieve a goal,bare bones,"during the meeting, she presented the bare bones of the project plan",0,most basic and important elements or facts
call names,the kids were calling names at each other during their heated argument,0,to insult someone,know which side one's bread is buttered,"he always supports the boss's decisions, showing that he knows which side his bread is buttered",0,to be cognizant of where one's interests lie in a given situation.,cut the mustard,"with a dull knife, she couldn't cut the mustard for her sandwich",1,to succeed,to see the back of,she was relieved to see the back of the problem after finding a solution,0,to be glad that you no longer have to deal with someone,fiddle while Rome burns,he fiddled while Rome burned by playing video games during the company crisis,0,to perform an inconsequential task or act irresponsibly in the midst of a disastrous event.
air their dirty laundry,"during the family reunion, they aired their dirty laundry in front of everyone",0,to make public something embarrassing that should be kept secret,bent out of shape,the metal rod got bent out of shape after the car accident,1,to become angry.,face the music,"as the orchestra began to play, they faced the music together and enjoyed the performance",1,receive punishment,in a fog,"after the long meeting, he was lost in a fog and couldn't concentrate",0,in a great confusion,red zone,the security guard warned us that we entered the red zone without proper authorization,1,"any geographical area that is thought to be dangerous or threatening, usually as a consequence of political or military activity."
shake a leg,"we were running late, so our mom told us to start shaking a leg",0,"to go fast, hurry",fall out,"while climbing the tree, they had a fall out and landed on the ground",1,to disagree with someone about something,lump in my throat,"after swallowing a large piece of food, I had a lump in my throat and needed water",1,to have a tight feeling in your throat because of a strong emotion such as sadness or gratitude,twist arm,"during the wrestling match, he accidentally twisted his arm and felt pain",1,to make someone do what you want by making it difficult for them to refuse,turn back on,she turned back on the situation to avoid witnessing the accident,1,choose not to speak to
up a river without a paddle,"when the car broke down in the middle of nowhere, we found ourselves up a river without a paddle",0,"when you are in an unfortunate situation, unprepared and with none of the resources to remedy the matter",stab in the back,"during the reenactment of a historical battle, he was accidentally stabbed in the back by a friend",1,a disloyalty,shoot from the hip,"during the debate, he was shooting from the hip with his quick responses",0,"speak directly or bluntly, without caring for consequences",leg up,the scholarship gave her a leg up in her pursuit of higher education,0,give or receive assistance to achieve a goal,comb through,she had to comb through the documents to remove the paper clips that got tangled in them,1,to look into something carefully.
jobs for the boys,the company was criticized for giving jobs for the boys instead of hiring based on merit,0,work that someone in an important position gives to their friends or relations,out of the frying pan into the fire,"by quitting her job without a backup plan, she jumped out of the frying pan into the fire",0,to go from a bad to worse situation,behind bars,the zookeeper put him behind bars to clean the animal cages,1,to be in jail or prison,call a spade a spade,she called a spade a spade when she confronted her friend about her dishonesty,0,this phrase means to say something the way it is,between a rock and a hard place,"while hiking, she found herself caught between a rock and a hard place in a narrow passage",1,having two very bad choices
cut and thrust,the fencing match displayed the cut and thrust of the debate between two skilled opponents,1,"furious contest, discussion, etc.",drive up the wall,the remote-controlled car was driving me up the wall as it climbed vertically,1,to make someone angry or irritated,go round in circles,the children were going round in circles while playing a spinning game,1,work at something but keep failing to make progress with it.,a whale of,the marine biologist had a whale of a time studying the humpback's behavior,1,very big (piece) of something,ages,it feels like I haven't seen you in ages since we last met,0,a long time; a very long time
bone to pick,he had a bone to pick with her after she made a snide comment about his work,0,having a complaint that needs to be discussed.,velvet glove,"at the costume party, she was wearing a velvet glove as part of her elegant outfit",1,"a person who appears gentle, but is determined and inflexible underneath",butter up,he tried to butter up the boss by complimenting her outfit,0,to flatter someone so as to get something in return from them,stab in the back,he was stabbed in the back by a friend when they revealed his secrets,0,a disloyalty,joined the club,"after experiencing the same misfortune, they joined the club together",0,"said in answer to something that someone has said, meaning that you are in the same bad situation as they are"
big mouth,the hippopotamus has a big mouth to consume large amounts of food,1,someone who talks too much,have kittens,she had kittens over the situation when she found out her son had crashed the car,0,"to be very worried, upset, or angry about something",push the boat out,"for her birthday, we pushed the boat out and threw a huge party",0,celebrate; enjoy oneself.,head above water,"during the swimming lesson, she was keeping her head above water to breathe",1,to succeed to survive in bad financial situations,jury's out,"regarding the new policy, the jury's out on that decision, as people are still debating its effectiveness",0,when there is no general agreement or consensus on something
rub the wrong way,she accidentally rubbed him the wrong way while trying to give him a back massage,1,to tick someone off,off the cuff,"while wearing a shirt with no cuffs, he gave an off the cuff speech about fashion",1,in an unguarded way,a damp squib,the highly anticipated party turned out to be a damp squib due to poor planning,0,an event which people think will be exciting but which is disappointing when it happens.,not playing with a full deck,his strange ideas made it seem like he was not playing with a full deck,0,not mentally sound,makes his hackles rise,"when the dog senses danger, it makes his hackles rise on his back",1,to make you angry
use your loaf,they used their loaf of bread to make sandwiches for lunch,1,To tell someone to use their brain more in analysing what they are doing.,drive up the wall,his constant humming is driving me up the wall,0,to make someone angry or irritated,prick up ears,the dog pricked up their ears when they heard a strange noise outside,1,to start paying attention,match made in heaven,"their partnership was a match made in heaven, as they complemented each other's skills",0,a combination of two people that is perfect in every way,keep the wolf from the door,"working two jobs, she kept the wolf from the door and provided for her family",0,to have sufficient money to prevent starvation or hunger
scrape the bottom of the barrel,"to get the last bit of jam, she was scraping the bottom of the barrel",1,"It is a phrase used to describe something you know is not in good condition, but you have to select it since you don't have an option of choosing the better one.",where the rubber meets the road,the new employee will face a real challenge where the rubber meets the road in the upcoming project,0,when you have to face your challenges,sacred cow,"in the village, they treated it like a sacred cow and offered it food and respect",1,something that people believe or accept as true without questioning it.,ups and downs,"on the roller coaster, we experienced ups and downs as it twisted and turned",1,good times and bad times,mean business,"when it comes to meeting deadlines, they really mean business",0,to be focused about achieving a goal
find feet,"after being blindfolded, she found her feet in the new environment by touching the ground",1,become familiar with a new situation,get the sack,she got the sack from the company after failing to meet her sales targets,0,be dismissed from the job,saved his neck,his coworker's intervention saved his neck at the last moment from getting fired,0,to manage to escape from serious danger or trouble,wouldn't be seen dead,"as a vampire, he wouldn't be seen dead in that garlic-infused restaurant",1,to be too ashamed or embarrassed of something,high up,he was so high up in the company that he had direct access to the CEO,0,to have an important standing in society
zero hour,the team was ready at zero hour to launch the new product,0,a time when a crucial decision or essential action must be taken,take a back seat,"he took a back seat to her in the car, giving her the front passenger seat",1,take a less important position.,a wakeup call,she received a wakeup call from the hotel's front desk at 6 a.m.,1,something that makes you realize that you need to take action to change a situation,bite head off,she was so angry that she bit his head off when he tried to explain,0,overreact in an angry or harsh way,in full swing,the pendulum experiment demonstrated that the party was in full swing when the ball reached its highest point,1,at a stage when the level of activity is at its highest
clean sweep,the team made a clean sweep by winning all the matches in the tournament,0,an irresistible victory,as long as,the snake was as long as the rope lying next to it,1,to put condition of time on an action,go through channels,the water went through channels to get to the other side of the dam,1,to follow the correct steps in order to get something done,old hat,"she's an old hat at programming, having done it for years",0,Someone who is old fashioned. The phrase can directly refer to old fashion too.,piece of work,"the sculpture she created was a real piece of work, showcasing her artistic talent",1,"a complex, tricky, or odd person"
on the same page,"while reading the book together, they happened to be on the same page",1,everyone in agreement,the lion's den,"by confronting the angry mob, he entered the lion's den and risked his safety",0,a place which is uncomfortable,dodge a bullet,"when the company went bankrupt, I realized I dodged a bullet there by not investing",0,to narrowly avoid a very serious problem or a disaster,tie the knot,the two sailors tied the knot together to secure the rope,1,to get married,up a creek without a paddle,"when our car broke down in the middle of nowhere, we found ourselves up a creek without a paddle",0,being in trouble.
draw a blank,the artist was drawing a blank canvas to prepare for her next masterpiece,1,to get no response from someone,buckle down,"with the deadline approaching, we had to buckle down to work and finish the project",0,make sure something stays in place,ahead of the curve,"by constantly learning new skills, she was staying ahead of the curve in her industry",0,better than others,against the clock,"in the unique competition, participants were racing against the clock by trying to outrun a giant clock on wheels",1,in a great hurry to finish something before a particular time,come clean,"after playing in the mud, the kids decided to come clean and took a bath",1,to make a disclosure
uncharted waters,the explorers were venturing into uncharted waters as they sailed to the unknown island,1,"when you are in a situation that is unfamiliar to you, that you have no experience of and don't know what might happen",take a back seat,"he took a back seat to her in the project, letting her lead the team",0,take a less important position.,"Mr Right, Ms Right","after years of searching, they finally found their Mr Right and Ms Right and settled down",0,the best future life partner for someone,go through a rough patch,"while hiking, we were going through a rough patch filled with rocks and thorns",1,to experience a lot of problems in a period of life,show true colors,"when the pressure was on, they showed their true colors and revealed their true intentions",0,to reveal what one is really like
stir up a hornet's nest,"by questioning the company's policies, he stirred up a hornet's nest among the employees",0,to create trouble,tar with the same brush,it's unfair to judge all politicians by tarring them with the same brush,0,to think that somebody has the same bad qualities as others in a similar surrounding,short fuse,"be careful around him, he has a short fuse and gets angry easily",0,to get angry quickly.,ups and downs,"throughout their marriage, they experienced ups and downs but remained committed",0,good times and bad times,take the biscuit,the dog jumped up on the table and that really takes the biscuit from the plate,1,be the most remarkable or foolish of its kind
smell a rat,he smelled a rat in the situation when his colleague started acting suspiciously,0,sense that something is not right,in the red,"due to poor financial decisions, the company is in the red",0,more money going out than coming in,take turns,the drivers took turns at the game by following the traffic rules,1,to alternate doing something,cat among the pigeons,his controversial statement was like a cat among the pigeons in the meeting,0,do or say something that causes trouble and make a lot of people angry or worried,clean sweep,the janitor made a clean sweep of the classroom floor,1,an irresistible victory
big brother,"with the new surveillance system, we felt like we were being watched by big brother",0,A large organization or government agency that tries to control all aspects of human life and society.,safe bet,investing in that company is a safe bet for success due to its strong financials,0,fair assumption; reasonable guess; opinion or view that is likely to prove correct.,smell a rat,the exterminator smelled a rat in the situation and began searching for its nest,1,sense that something is not right,afraid of my own shadow,I was so nervous that I became afraid of my own shadow during the presentation,0,to be very nervous or easily frightened,in the blink of an eye,the magician made the coin vanished in the blink of an eye with his sleight of hand,1,in an instant
in the heat of the moment,he made a rash decision in the heat of the moment during the argument,0,saying or doing something without thinking due go anger or excitement,blind as a bat,"the cave-dwelling creature was as blind as a bat, relying on echolocation to navigate",1,unconscious to something,goose egg,"at the market, she scored a goose egg for her unique recipe",1,zero,knock on wood,"hoping for good luck, she knocked on wood before the big presentation",0,tap knuckle on wood in order to avoid bad luck,keep card close to chest,"during the negotiations, they kept their cards close to their chest and didn't reveal their true intentions",0,"be secretive or cautious, give nothing away"
in tandem,"they worked in tandem on the bicycle, pedaling together",1,one after another,in the black,she wore a dark outfit and was finally in the black for the themed party,1,to not be in debt,pay the piper,"the musicians finished their performance, and we had to pay the piper for his services",1,to bear the ill-effects of something that was enjoyable at one time,hit the bull's-eye,her speech hit the bull's-eye and resonated with the audience,0,to be exactly right about something or achieve the best result possible,bee in bonnet,"during the picnic, she accidentally had a bee in her bonnet and panicked",1,be possessed with one thought or scheme
walk out on,"during a sudden power outage, everyone walked out on the presentation to find a safer location",1,end a relationship with someone suddenly,break a leg,"during the play, the actor accidentally tripped and managed to break a leg on stage",1,good luck,loaves and fishes,"at the picnic, they shared loaves and fishes among the attendees",1,done for material benefits,asleep at the switch,the manager was asleep at the switch when the crisis occurred,0,failing to attend to one's responsibilities or duties,raise eyebrows,his controversial statement raised eyebrows at the meeting,0,to show surprise or disapproval by the expression on their face
behind closed doors,"they stood behind closed doors while discussing the matter, as the room was too noisy",1,in clandestine,leave at the altar,he left her at the altar when he decided not to show up for their wedding,0,decide not to marry someone at the very last moment,weather the storm,"despite the challenges, our team weathered the storm together and succeeded",0,handle a difficult period of time successfully,suited and booted,"he was suited and booted for the event, ready to impress everyone with his confidence",0,formally dressed; well dressed,spanner in the works,the mechanic accidentally dropped a spanner in the works of the machine,1,a roadblock that prevents an activity from succeeding
in the cross hairs,"as the whistleblower, he found himself caught in the cross hairs of the company's retaliation",0,in a position where one might receive severe criticism,pull the wool over eyes,"during the surprise party preparations, they pulled the wool over her eyes with a blindfold",1,to deceive someone,getting my fingers burnt,"after investing in that risky business, I ended up getting my fingers burnt",0,"to suffer unpleasant results of an action, especially loss of money, so you do not want to do the same thing again",beat around the bush,"if you want to trim the garden, stop beating around the bush and start cutting it",1,avoid talking about the main topic,scratch the surface,"during the lecture, we only scratched the surface of the topic and didn't dive deep",0,to deal with only a small part of a problem
go the extra mile,"to make sure the project was perfect, he went the extra mile and double - checked everything",0,to make an extra effort,cards are stacked against,"in the game of poker, the cards are stacked against them due to the dealer's unfair shuffling",1,"someone is not likely to succeed, especially because the person is not being given a fair chance",keep your hair on,"when he started to panic, I told him to keep his hair on and stay calm",0,to request someone to stay calm and not get annoyed,asleep at the switch,the train operator fell asleep at the switch during his break,1,failing to attend to one's responsibilities or duties,stir up a hornet's nest,"while clearing the garden, she accidentally stirred up a hornet's nest and got stung",1,to create trouble
got it made,"with their successful business, they've got it made in life",0,"to be certain to be successful and have a good life, often without much effort:",joined the club,they filled out the membership forms and joined the club together,1,"said in answer to something that someone has said, meaning that you are in the same bad situation as they are",put your foot in it,be careful not to put your foot in it when stepping over the muddy puddle,1,"say something (by mistake) that upsets, humiliates, or embarrasses someone",white paper,she read the white paper to check for any ink smudges,1,official report or guide,lower the bar,the gym instructor lowered the bar for everyone during the limbo competition,1,to lower standards or expectations
bark up the wrong tree,"the confused dog was barking up the wrong tree, as the squirrel had already moved to another one",1,waste one's efforts by pursuing the wrong thing or path,run for cover,"as the rain began to pour, we ran for cover under a nearby tree",1,to seek shelter,cry over spilt milk,there's no point in crying over spilt milk now that the deadline has passed,0,to be upset about things that have already been done,acid test,the chemistry lab experiment was the acid test for their relationship as they had to work together to determine the pH of various solutions,1,a test that proves a hypothesis or validity of a product or idea,crush,the machine was designed to have a crush on the aluminum cans for recycling,1,feel love-sick for someone.
looked through colored glasses,she always looked through colored glasses when it came to her children's achievements,0,to look the things not as they are; having a heavily biased worldview,in the loop,"as a team member, I want to be kept in the loop about project updates",0,to be aware of the information,take the edge off,a good laugh took the edge off the situation after a tense meeting,0,blunt the effect of,bun in the oven,she excitedly announced that she has a bun in the oven and is expecting a baby,0,to be pregnant,lights are on but nobody is home,I walked past the house and noticed that the lights are on but nobody is home,1,used to describe a stupid person.
in the dark,the employees were kept in the dark about the company's financial situation,0,"uninformed, a state of ignorance.",cut your own throat,"while shaving, he accidentally cut his own throat with the razor",1,to do something that will be the cause of your own failure or ruin your chances in the future,my way or the highway,"when it comes to decision-making, he always says it's my way or the highway",0,to order someone to do something in a specific way without providing an alternative.,run out of steam,"after working on the project for hours, she finally ran out of steam and took a break",0,to lose the effect that something once had,kiss and make up,"after the argument, he decided to kiss and make up with her to resolve their differences",0,to become friendly again after an argument
bag and baggage,"before the storm hit, they left with bag and baggage to evacuate their home",1,(with) all one's belongings.,on the edge of their seat,the suspenseful movie had everyone on the edge of their seat,0,to be very interested in something and fits with both extremely exciting and nerve-wracking,a trip to the sun,the science fiction writer planned a trip to the sun for her characters in the novel,1,something which is very unlikely,throw in the towel,"while cleaning the gym, he had to throw in the towel on this project to move on to the next task",1,to quit,lump in my throat,"when I heard the sad news, I had a lump in my throat and couldn't speak",0,to have a tight feeling in your throat because of a strong emotion such as sadness or gratitude
keep your nose clean,"during allergy season, keeping your nose clean is essential for comfort",1,to stay out of trouble by not doing anything wrong,pie in the sky,the artist painted a pie in the sky to represent the whimsical nature of dreams,1,used to portray or refer to something that is lovely to consider however is probably not going to happen,bone to pick,the dog had a bone to pick with her when she tried to take it away,1,having a complaint that needs to be discussed.,across the board,the chess master made improvements across the board by adjusting the positions of his pieces,1,applying to everyone,every nook and cranny,"to find the perfect gift, they searched every nook and cranny of the shopping mall",0,to look for something everywhere
come across,"while researching, I came across the old book that provided valuable information",0,to meet someone,take with a grain of salt,"when listening to his stories, it's best to take it with a grain of salt",0,to understand that something is not completely true or right,bent your ears,the speaker bent their ears with his captivating stories,0,to talk to someone for a very long time about something boring,at the drop of a dime,the coin collector was ready at the drop of a dime to catch the rare coin,1,something that can happen very fast without hesitation,apples to apples,"in the fruit market, we had to compare apples to apples to find the best quality",1,having a fair comparison between the two things
looked through colored glasses,"during the art class, we looked through colored glasses to observe the effects on the painting",1,to look the things not as they are; having a heavily biased worldview,butter up,it was her job to butter up the boss's toast every morning,1,to flatter someone so as to get something in return from them,begun to see the light,"after hours of studying, he finally began to see the light and understood the concept",0,to suddenly begin to understand,sit on the fence,the cat was sitting on the fence and observing the birds,1,delay or avoid making a decision or choice,where the rubber meets the road,the intersection is where the rubber meets the road as cars pass by,1,when you have to face your challenges
nail biter,"watching her chew on her fingers during the movie, it was clear she was a real nail biter",1,"a situation like a close contest, which induces anxiety or tension.",give the slip,she gave him the slip by sneaking out the back door,0,to get away,lick his wounds,he licked his wounds after the fight by taking some time to recover from the emotional blow,0,"to try to recover your confidence or spirit after a defeat, failure or disappointment",hand in hand,the couple walked hand in hand along the beach,1,close ties or connections,the last straw,"when he insulted her cooking, that was the last straw and she decided to leave",0,to be the last in a sequence of unpleasant things
mind your own beeswax,"instead of gossiping about others, focus on minding your own beeswax",0,do not interfere into someone else's matter,pull your socks up,"if you want to pass the exam, you need to pull your socks up and study harder",0,to be determined to work very hard,black and blue,he fell off his bike and was bruised black and blue all over his body,1,"hurt, either bodily, emotionally or psychologically",tasted blood,"after biting his lip accidentally, he tasted blood in the competition",1,"to experience something thrilling and exciting, and want to experience it again.",cut corners,the carpenter cut corners on the project to create a rounded shape,1,"economise on time, money, materials or effort, perhaps unwisely"
knight in shining armour,he came to her rescue like a knight in shining armour when she needed help,0,used to describe someone who saves you from a difficult situation,far cry from,the echo of her voice was a far cry from the original sound,1,something that is very different from something else,made it,"after years of hard work, she finally made it in the music industry",0,used to indicated the completion of a task,baying for blood,the angry mob was baying for blood after the politician's scandal,0,want somebody to be hurt or punished.,come out swinging,"after the criticism, he came out swinging with a strong rebuttal",0,be confrontational
crack the whip,the circus performer cracked the whip on the team of horses to start the show,1,make someone work harder by asserting power or authority,cut coat according to cloth,they cut their coat according to their cloth by living within their means,0,"adapt to one's circumstances, make sure one's plans are appropriate to one's resources.",eat him alive,his lack of preparation will eat him alive in the competition against more experienced opponents,0,to criticize someone severely because you are angry with them,keep your hair on,"as the wind blew fiercely, I told him to keep his hair on by wearing a hat",1,to request someone to stay calm and not get annoyed,a whole new ball game,"when they switched from soccer to baseball, it's a whole new ball game for the players",1,a significant change in circumstances.
take up the cudgels,he took up the cudgels for her when she was unfairly criticized,0,argue strongly in support or against somebody or something,up in the air,"the balloons carrying our plans are up in the air, floating away from us",1,"unresolved, undecided",coast is clear,"looking through the binoculars, the sailor confirmed that the coast is clear of any obstacles",1,there is no danger in sight or that nobody can see you,ugly duckling,her transformation from a shy girl to a confident woman was an ugly duckling story,0,a young person who turns out to be beautiful or talented against all expectations.,a bed of roses,"despite the challenges, she learned that life is not always a bed of roses",0,easy option
clear the air,we cleared the air with her by opening the windows to let the smoke out,1,get rid of all doubts and negative feelings,die in harness,"the dedicated employee died in harness, working tirelessly until the end",0,to expire while working,out of the closet,"after years of hiding his true self, he finally came out of the closet to his family",0,go public about something private or hidden,building blocks,the children used wooden cubes as the building blocks of success in their tower construction,1,something that is a basic element (of the subject),in full swing,"when we arrived, the party was in full swing with everyone dancing and laughing",0,at a stage when the level of activity is at its highest
bull's eye,his speech hit the bull's eye and addressed the main issue,0,the center of a target,fish out of water,the poor creature flopped around like a fish out of water when it was accidentally dropped on the floor,1,to feel uncomfortable in unfamiliar surroundings,call on,"while walking through the hallway, I had to call on the teacher to get her attention",1,"use courage, reserve, nerve or strength to achieve something",die in harness,the poor horse died in harness while pulling the heavy load,1,to expire while working,loose cannon,"during the battle reenactment, the replica became a loose cannon when it broke free from its mount",1,somebody whose activities are uncommon and out of control
raise the bar,her outstanding performance raised the bar for everyone in the competition,0,to be better than what went before,down to earth,"despite her fame, she remained a down-to-earth person who was easy to talk to",0,"decent, simple, realistic",under the radar,the technician was working under the radar equipment to fix a malfunction,1,"going unnoticed, avoiding unnecessary attention",set the bar,the coach set the bar high for the high jump competition,1,fix the standards acceptable for the task,catch napping,the surprise quiz caught him napping and he couldn't answer any questions,0,"surprise, take unawares."
eat him alive,the carnivorous insects would eat him alive in the competition if he didn't wear protective gear,1,to criticize someone severely because you are angry with them,fall on our feet,"despite the challenges, we managed to fall on our feet and succeed",0,to succeed in doing something where there was a risk of failure,blow your own trumpet,he was always blowing his own trumpet about his accomplishments,0,to say things that makes your own self or kin look good,deep down,the divers explored the shipwreck deep down in the ocean,1,felt strongly and often hidden from other people,add fuel to the flames,"by spreading rumors, they added fuel to the flames of the ongoing conflict",0,"an action, whether verbal or physical that makes a bad situation even worse"
cold turkey,"she was going cold turkey for her sandwich, but decided to add some cheese",1,in a unexpected and sudden way,pull the plug,"to save electricity, she decided to pull the plug on the projector's power cord",1,to kill or discontinue,fall on his sword,"during the reenactment, he accidentally tripped and started to fall on his sword",1,to accept the consequences of an unsuccessful or wrong action,from A to Z,the alphabet book helped the child learned it from A to Z,1,comprehensive,act of God,the sudden storm that saved the village from invaders was considered an act of God,0,an occurrence of out of control natural forces in action
a voice crying in the wilderness,"his warnings about climate change were like a voice crying in the wilderness, as few people paid attention",0,to say something that is not popular,sail through,"with her determination and hard work, she managed to sail through the challenges of her new job",0,to succeed in doing it without difficulty,ring a bell,mentioning the old restaurant seemed to ring a bell for them,0,something that sounds familiar,take a hike,"on a sunny day, they decided to take a hike in the nearby forest",1,go away,an arm and a leg,the prosthetic limbs he needed cost an arm and a leg at the medical supply store,1,a large amount of money
bury the hatchet,"during the reenactment, they pretended to bury the hatchet together as a symbol of peace",1,to stop fighting or arguing or to end old resentments,run for cover,"when the boss started asking about the project's progress, we ran for cover by changing the subject",0,to seek shelter,hornets' nest,"by questioning the company's policies, he stirred up a hornets' nest among the employees",0,a violent situation or one with a lot of dispute,up a creek without a paddle,"while canoeing, we accidentally dropped our paddles and found ourselves up a creek without a paddle",1,being in trouble.,beyond the veil,the psychic claimed she looked beyond the veil and communicated with spirits,0,"In an inexplicable or concealed place or condition, especially the mysterious state of existence after death."
lick your lips,"after eating the ice cream, they licked their lips to clean off the remaining traces",1,to show that you're excited about something and are eager for it to happen,over my dead body,the cat walked over my dead body in the crime scene simulation,1,"in no way, under no circumstances",bury the hatchet,"after years of rivalry, they decided to bury the hatchet together and become friends",0,to stop fighting or arguing or to end old resentments,rise and shine,"it's a new day, rise and shine and make the most of it",0,to ask someone to wake up and become active in the daily chores,big deal,he made it a big deal when she forgot to call him back,0,important thing
bitter medicine,the harsh criticism was a dose of bitter medicine that helped him improve,0,something difficult to accept,no room to swing a cat,"with all these fragile items around, there's no room to swing a cat without breaking something",1,a very small place,you reap what you sow,"after planting the seeds, the farmer knew it was time to reap what you sow",1,"if you do bad things to people, bad things will happen to you, or good things if you do good things",spin a yarn,the two knitters spun a yarn together to create a beautiful scarf,1,to tell a tale,pass the buck,he handed her a dollar bill and passed the buck to her,1,passing blame to another person
the bottom line,"despite all the arguments, the bottom line of the situation is that we need to make a decision",0,"in the final analysis, the most important fact in a situation.",run out,"the clock's battery died, causing it to run out of time",1,to not have enough of something,a screw loose,the wobbly table has a screw loose and needs to be fixed,1,someone who behaves in a strange way and seem slightly mentally ill,back to the drawing board,the architect realized he made a mistake and was going back to the drawing board to fix it,1,back to the planning stage,spill the beans,he accidentally spilled the beans about the surprise party we had planned,0,disclose a secret or reveal something prematurely
bend over backwards,"during the yoga class, we had to bend over backwards for them to demonstrate the pose",1,do all in one's power (usually to achieve something or accommodate somebody),no room to swing a cat,"in this tiny apartment, there's no room to swing a cat",0,a very small place,foam at the mouth,he was foaming at the mouth when he found out about the betrayal,0,be extremely angry,tight spot,they found themselves in a tight spot when they had to choose between two important events,0,to be in a very difficult situation,match made in heaven,the angelic dating service claimed to provide a match made in heaven for its clients,1,a combination of two people that is perfect in every way
out of hand,the party got out of hand when people started throwing food,0,out of control,blue eyed boy,"he was the blue-eyed boy of the company, always receiving praise and promotions",0,a person who is treated with special favor.,leaps and bounds,"after attending the workshop, her skills made progress in leaps and bounds",0,progress very quickly,piece of work,"he was a real piece of work, always causing trouble and stirring up drama",0,"a complex, tricky, or odd person",face the music,"after making a mistake at work, they faced the music together and accepted the consequences",0,receive punishment
blank check,she gave him a blank check to fill in the amount for the charity donation,1,Complete authority or unrestricted freedom of action or a free hand.,household name,"after her successful book series, she became a household name in the literary world",0,to be very popular,all ears,"when she started telling her story, I promised to be all ears",0,saying that you are all ears means the other person has got your full attention in terms of listening to him,bun in the oven,the baker has a bun in the oven and it will be ready in a few minutes,1,to be pregnant,come down with,he came down with something after being exposed to the cold weather,0,to have (usually a disease)
castles in the air,the artist created a stunning installation of building castles in the air using lightweight materials,1,thinking of some impossible task,a lot on my plate,"at the potluck dinner, he was having a lot on the plate after trying a bit of everything",1,to have so many things to do at one time,in deep water,"after making a costly mistake, he found himself in deep water with his boss",0,a very serious situation,tight spot,the spelunkers found themselves in a tight spot while navigating the narrow cave,1,to be in a very difficult situation,an item,"after months of dating, they finally became an item and made their relationship official",0,be involved in a romantic relationship
toot one's own horn,"during the parade, he was tooting his own horn as part of the marching band",1,speak boastfully about oneself,cutting edge,the chef's knife was on the cutting edge of the countertop,1,to be among the latest and the best (often used for technological advancements),flog a dead horse,arguing about the same issue over and over again was like flogging a dead horse,0,waste energy on something that has no chance of succeeding,Easter egg,"during the egg hunt, the child found an Easter egg in the bushes",1,a decorated or dyed egg usually given to children at Easter,throw it over the wall,"after finishing the design, the team decided to throw it over the wall to the developers",0,"to deal with part of a problem or project, then pass the responsibility to another person or department without any communication or coordination"
piss and vinegar,"the young athlete was full of piss and vinegar, eager to prove himself",0,to self-reference someone who is in a bad mood and ready to fight.,in the good books,"the employee's name was written in the good books of the boss, which was a list of top performers",1,be in somebody's favour or good opinion,tip of the iceberg,"as we approached the glacier, we saw just the tip of the iceberg above the water",1,to only know a very small part of the problem,ball of fire,"she tackled her tasks like a ball of fire, completing them quickly and efficiently",0,"a dynamic person capable of or displaying rapid and highly effective thought, action, etc.",voice in the wilderness,"while hiking alone, she suddenly heard a voice in the wilderness and got scared",1,"someone who expresses an opinion that no one believes or listens to, especially if proved right later"
stack the deck,they stacked the deck in their favor by hiring the best lawyers,0,to be against someone or something,hard cheese,she experienced hard cheese when she lost her job and had to start over,0,"bad luck, tough luck",lean towards,"after considering the pros and cons, she was leaning towards that option",0,to be interested in something,go through channels,he went through channels to get the necessary approval for his project,0,to follow the correct steps in order to get something done,zip it,"before leaving the house, she made sure to zip it up her jacket",1,to ask someone to shut up
queer pitch,the salesman made a queer pitch by offering a bizarre combination of products,0,spoil somebody's chance of doing something.,better half,I enjoy spending time with my better half on weekends,0,spouse,kick yourself,they kicked themselves for not investing in the stock earlier,0,to be angry with yourself for something you have or have not done,blue blood,they were considered a blue blood family due to their aristocratic lineage,0,a member of an upper-class family,go down in flames,his political career went down in flames after the scandal,0,to fail spectacularly
gloves are off,"after finishing the gardening work, the gloves are off now and they can relax",1,people are beginning to behave in a more hostile or tenacious way; usually used to describe a dispute or fight,building blocks,hard work and dedication are the building blocks of success,0,something that is a basic element (of the subject),lower the bar,the company lowered the bar for everyone by reducing the performance expectations,0,to lower standards or expectations,it's a small world,"running into my childhood friend in a foreign country, I thought it's a small world after all",0,meeting someone not expected to be at a certain place,bells and whistles,the new software update added bells and whistles to improve user experience,0,special features that are added to a product or system to attract more buyers
fill the bill,the new employee filled the bill perfectly for the position we needed,0,be exactly suitable for a particular situation,knee jerk reaction,"the doctor tapped his patient's leg, causing a knee jerk reaction to the news of the reflex hammer",1,an automatic response to something,uncharted waters,starting a new business was like venturing into uncharted waters for her,0,"when you are in a situation that is unfamiliar to you, that you have no experience of and don't know what might happen",knight in shining armour,"at the medieval festival, there was a knight in shining armour on horseback",1,used to describe someone who saves you from a difficult situation,mend fences,the farmer spent the afternoon mending fences with her to keep the animals inside,1,to try and improve a bad relationship with another party
you reap what you sow,"if you treat people poorly, you'll reap what you sow when they don't help you in return",0,"if you do bad things to people, bad things will happen to you, or good things if you do good things",pour cold water on,the sudden budget cut poured cold water on their plans for the event,0,deter or discourage somebody,lead astray,the broken compass led them astray in the dense forest,1,make someone act or think in a wrong or foolish manner.,dragging its feet,the robot was malfunctioning and dragging its feet on the decision of which direction to move,1,"delaying in decision, not showing enthusiasm",put your head on the block,"during the historical reenactment, he put his head on the block for the execution scene",1,if you put yourself in a dangerous situation where you risk losing your job or your reputation if things go wrong
bread and butter,"on the table, there was their bread and butter ready for breakfast",1,to indicate what a person earns or earns for,cross the line,"during the race, he crossed the line with her as they finished together",1,behave in a way that is not acceptable,pay the piper,"after a night of excessive partying, they had to pay the piper the next day",0,to bear the ill-effects of something that was enjoyable at one time,cut the mustard,"despite his efforts, he couldn't cut the mustard in the competitive sales environment",0,to succeed,more heat than light,the heated debate generated more heat than light and left everyone confused,0,to cause anger or intense reaction but doesn't clarify anything
arm in arm,"the couple walked arm in arm down the street, enjoying the evening",1,to be closely allied,nip in the bud,"to prevent further complications, we decided to nip the problem in the bud by addressing it immediately",0,check something thoroughly.,full of beans,the bag seemed full of beans as it bulged and weighed heavily in her hand,1,to be optimistic or enthusiastic,cloak and dagger,the spy was involved in a cloak and dagger operation to uncover government secrets,0,of or characteristic of the activities of spies and undercover agents.,the last straw,"after using all the other straws, that was the last straw in the box",1,to be the last in a sequence of unpleasant things
an item,"in the virtual reality game, the player's avatar became an item to be collected by others",1,be involved in a romantic relationship,chill wind,"when the news of the layoffs arrived, a chill wind blew through the office",0,to encounter the problems or trouble,my way or the highway,the sign at the fork in the road read 'it's my way or the highway',1,to order someone to do something in a specific way without providing an alternative.,at the bottom of the ladder,she started at the bottom of the ladder in the company and worked her way up,0,"occupying the lowest, most basic position in a given group",coast is clear,"after the security guard left, we knew the coast is clear to enter the building",0,there is no danger in sight or that nobody can see you
hammer and tongs,the blacksmith went at it hammer and tongs while forging the sword,1,"to argue fiercely, with a lot of energy and noise",line in the sand,he decided to draw a line in the sand and confront his coworker about the issue,0,a boundary beyond which one cannot proceed without consequences,a roof over your head,"during the rainstorm, having a roof over your head kept you dry",1,a place to live,shoot from the hip,"at the shooting range, he practiced shooting from the hip to improve his accuracy",1,"speak directly or bluntly, without caring for consequences",have kittens,the cat had kittens over the situation when she found a safe spot to give birth,1,"to be very worried, upset, or angry about something"
Young Turk,he quickly became a Young Turk in the company due to his innovative ideas,0,a young person who has many new ideas and wants a reform,night owl,"for the costume party, he dressed up as being a night owl with large wings and a beak",1,Someone who is vigilant late at night.,"all singing, all dancing","the talent show was an all singing, all dancing event where every participant sang and danced simultaneously",1,"Something that is full of verve, vivacity and liveliness.",jump on the bandwagon,"during the parade, he jumped on the bandwagon to join the musicians",1,to start doing something because it is fashionable or profitable,a bed of roses,"while visiting the botanical garden, she noticed that life is not always a bed of roses, as there were various other flowers",1,easy option
big deal,the company made it a big deal when they signed a multi-million dollar contract,1,important thing,make it big,the baker made it big in the industry by creating giant-sized cakes,1,become very successful or famous,big cheese,"in the company, he's the big cheese and everyone respects him",0,to be an important and successful individual,hit the hay,"during the farm chores, it was time to hit the hay with a pitchfork",1,to go to sleep or head to bed.,ahead of the pack,"during the marathon, the lead runner was staying ahead of the pack of other runners",1,more successful than other people who are trying to achieve the same things
hit the books,"with exams approaching, it's time to hit the books and study hard",0,to study very hard,cover one's tracks,they covered their tracks in the snow by walking backward,1,"to keep one's location, activities, and intentions hidden.",paint the town red,"as part of a community art project, they decided to paint the town red together by covering the walls with vibrant murals",1,to celebrate and have a wild time,chill to the bone,the eerie atmosphere of the haunted house left us chilled to the bone,0,to get frightened or scare somebody,hold tongue,they held their tongue during the meeting to avoid causing conflict,0,to keep quiet when one would rather speak
pour cold water on,the prankster poured cold water on their plans as they were discussing the project,1,deter or discourage somebody,count chicken,the farmer was counting chickens before they hatch by estimating the number of eggs that would become chicks,1,make plans based on events that may or may not happen,does exactly what it says on the tin,the new software does exactly what it says on the tin and is very user-friendly,0,someone or something is exactly as they seem,in the blink of an eye,the opportunity vanished in the blink of an eye when someone else took the job,0,in an instant,leave no stone unturned,"during the archaeological dig, they left no stone unturned to uncover hidden artifacts",1,do everything that is possible in order to achieve something
big cheese,"at the cheese festival, they displayed the big cheese weighing over 100 pounds",1,to be an important and successful individual,on the crest of a wave,the surfer skillfully balanced himself while riding on the crest of a wave,1,to reach the highest point of success,pain in the neck,dealing with his constant complaints was a real pain in the neck for everyone,0,Mathematics is generally a real pain in the neck for most of the school and college students.,backroom boy(s),the company's success was largely due to the backroom boys who worked tirelessly behind the scenes,0,people who work in anonymity,clear the air,"after the argument, we cleared the air with her by discussing our feelings",0,get rid of all doubts and negative feelings
below the belt,the referee declared that comment was below the belt when the boxer hit his opponent in the groin,1,to be mean and unfair (in a fight),clear the decks,we cleared the decks for the event by removing all the furniture from the patio,1,get ready for action.,cold feet,"after walking in the snow without proper shoes, she got cold feet",1,loss of courage,yellow streak,he never stands up for himself and always has a yellow streak,0,people who  have an inclination towards being fainthearted.,smell something fishy,"when he started avoiding my questions, I smelled something fishy about his story",0,to have a suspicion that something is wrong
full of beans,"after a good night's sleep, he seemed full of beans and ready to tackle the day",0,to be optimistic or enthusiastic,blind spot,the car had a blind spot that made it difficult to see pedestrians,1,"if you have a blind spot about something, you cannot accept or understand it",miles away,"during the meeting, her thoughts seemed miles away from the topic",0,unaware of the current situation,dead in the water,the project was found it dead in the water after the funding was cut,0,unable to produce movement,a storm is brewing,"dark clouds are gathering, and a storm is brewing in the distance",1,"there is going to be trouble, probably with outbursts of anger or emotion"
toot one's own horn,he was always tooting his own horn about his accomplishments,0,speak boastfully about oneself,on the same page,"before starting the project, we need to be on the same page regarding our goals",0,everyone in agreement,cut your own throat,"by revealing company secrets, he cut his own throat and ruined his career",0,to do something that will be the cause of your own failure or ruin your chances in the future,walk out on,"disappointed by the lack of support, she walked out on the presentation and left the room",0,end a relationship with someone suddenly,straight shooter,"the archer was a straight shooter, hitting the bullseye every time",1,someone who speaks the truth
close call,he had a close call when he narrowly avoided a car accident,0,a narrow escape from disaster,axe to grind,he had an axe to grind with his coworker after the disagreement,0,have a private or selfish reason for doing something,hung out to dry,"when the team failed to support her, she felt hung out to dry",0,"to abandon someone who is in difficulty, without giving any assistance or support",dial it back,"the radio was too loud, so she had to dial it back a bit",1,"to reduce the intensity of something, or tone it down",makes my ears burn,standing too close to the bonfire makes my ears burn,1,"to be embarrassed by what you hear, especially if the conversation is about you"
