idiom,meaning,instance,label,assignment_0,assignment_1,assignment_2,gold_0,gold_1,gold_2,maxVote,review_noAgreement,review_maxVoteGptDiff,num_discard
a little bird told me,it is used when a person is trying to hide the source of his information,A little bird told me that it was nesting in the tree,1,"{'WorkerId': 'A2TBXASXZIRNNW', 'WorkTimeInSeconds': 473, 'AssignmentId': '3B4YI393VPCGROHESJAG59F4D4DSS2', 'HITId': '36818Z1KWIT5KRCBU2INNHHWLVFA3T', 'HITTypeId': '3PCDMC3F6KHCLEW4V42C9VGU0ZX2XB', 'gold': 1, 'bad': False}","{'WorkerId': 'A38DXFI1TZA295', 'WorkTimeInSeconds': 478, 'AssignmentId': '3OVR4I9US5ZLCN0QAEPTC6KXH0OQ43', 'HITId': '36818Z1KWIT5KRCBU2INNHHWLVFA3T', 'HITTypeId': '3PCDMC3F6KHCLEW4V42C9VGU0ZX2XB', 'gold': 3, 'bad': False}","{'WorkerId': 'APGX2WZ59OWDN', 'WorkTimeInSeconds': 120, 'AssignmentId': '3CFVK00FW11O0DOR1XACSI5H3L9L6W', 'HITId': '36818Z1KWIT5KRCBU2INNHHWLVFA3T', 'HITTypeId': '3PCDMC3F6KHCLEW4V42C9VGU0ZX2XB', 'gold': 1, 'bad': False}",1,3,1,1,False,False,1
not the sharpest tool in the shed,"someone who is not very clever, according to others",He's not the sharpest tool in the shed and often dulls his tools,1,"{'WorkerId': 'A1HKYY6XI2OHO1', 'WorkTimeInSeconds': 30.738, 'AssignmentId': '3PXX5PX6LDEDA6EI0X2UUKBYNBDBAJ', 'HITId': '34YWR3PJ3NQLZCL7MPSI5RUNJ4A0XY', 'HITTypeId': '31OVKNPS18SQ1D8CFELWYUFRPRPSWA', 'gold': 0, 'bad': False}","{'WorkerId': 'A1LI3JQS2VBOXC', 'WorkTimeInSeconds': 29.541, 'AssignmentId': '3ZDAD0O1THTP25GSBTLTEMSIU3MTXV', 'HITId': '34YWR3PJ3NQLZCL7MPSI5RUNJ4A0XY', 'HITTypeId': '31OVKNPS18SQ1D8CFELWYUFRPRPSWA', 'gold': 2, 'bad': False}","{'WorkerId': 'A38DXFI1TZA295', 'WorkTimeInSeconds': 60.747, 'AssignmentId': '3TUI152ZZR34KO37NW6RE8DU5H91QY', 'HITId': '34YWR3PJ3NQLZCL7MPSI5RUNJ4A0XY', 'HITTypeId': '31OVKNPS18SQ1D8CFELWYUFRPRPSWA', 'gold': 3, 'bad': False}",0,2,3,0,True,True,1
no dice,not agree for something,It was no dice when I rolled that pair of dice,1,"{'WorkerId': 'A1QUQ0TV9KVD4C', 'WorkTimeInSeconds': 504, 'AssignmentId': '3LEIZ60CDZFVNL7TE54XK77H8VOZ93', 'HITId': '3R5LWXWHSFOIAGWS0RHLQJH3QLSXGR', 'HITTypeId': '3PCDMC3F6KHCLEW4V42C9VGU0ZX2XB', 'gold': 1, 'bad': False}","{'WorkerId': 'A2TBXASXZIRNNW', 'WorkTimeInSeconds': 247, 'AssignmentId': '3P59JYT7610O1PDVN400OWYMHTRT2O', 'HITId': '3R5LWXWHSFOIAGWS0RHLQJH3QLSXGR', 'HITTypeId': '3PCDMC3F6KHCLEW4V42C9VGU0ZX2XB', 'gold': 1, 'bad': False}","{'WorkerId': 'A38DXFI1TZA295', 'WorkTimeInSeconds': 438, 'AssignmentId': '38F5OAUN53S5IHJ6TM0664C6HFK7HA', 'HITId': '3R5LWXWHSFOIAGWS0RHLQJH3QLSXGR', 'HITTypeId': '3PCDMC3F6KHCLEW4V42C9VGU0ZX2XB', 'gold': 3, 'bad': False}",1,1,3,1,False,False,1
new brush sweeps clean,someone with a new perspective can make great changes,He started with a new brush,2,"{'WorkerId': 'A2LMQ4497NMK3S', 'WorkTimeInSeconds': 148, 'AssignmentId': '3MD9PLUKKYUGCNBNFFN22821DGINZV', 'HITId': '3XH7ZM9YYHAJYAN8DM5J9K9SLR0R9M', 'HITTypeId': '3PCDMC3F6KHCLEW4V42C9VGU0ZX2XB', 'gold': 2, 'bad': False}","{'WorkerId': 'A2OVOVZBJYUO', 'WorkTimeInSeconds': 176, 'AssignmentId': '3P4RDNWNDLMYY7VS0D7O96IU8J9IJN', 'HITId': '3XH7ZM9YYHAJYAN8DM5J9K9SLR0R9M', 'HITTypeId': '3PCDMC3F6KHCLEW4V42C9VGU0ZX2XB', 'gold': 2, 'bad': False}","{'WorkerId': 'AX8NXTT8QMGHC', 'WorkTimeInSeconds': 48, 'AssignmentId': '3KGTPGBS6D1312SKN9QATSKO03D2UV', 'HITId': '3XH7ZM9YYHAJYAN8DM5J9K9SLR0R9M', 'HITTypeId': '3PCDMC3F6KHCLEW4V42C9VGU0ZX2XB', 'gold': 3, 'bad': False}",2,2,3,2,False,False,1
new brush sweeps clean,someone with a new perspective can make great changes,He started with a new brush so he could clean the dirt off the floor,1,"{'WorkerId': 'A1HKYY6XI2OHO1', 'WorkTimeInSeconds': 27.986, 'AssignmentId': '3LWJHTCVCS2VA3XFUVLC3AHO6RRFQC', 'HITId': '3U74KRR6811H3R4UILTJR05UE1XNTD', 'HITTypeId': '31OVKNPS18SQ1D8CFELWYUFRPRPSWA', 'gold': 1, 'bad': False}","{'WorkerId': 'A1QUQ0TV9KVD4C', 'WorkTimeInSeconds': 24.82, 'AssignmentId': '3YOH7BII0PNYVXLAH56JPA81VFMVKN', 'HITId': '3U74KRR6811H3R4UILTJR05UE1XNTD', 'HITTypeId': '31OVKNPS18SQ1D8CFELWYUFRPRPSWA', 'gold': 1, 'bad': False}","{'WorkerId': 'AX8NXTT8QMGHC', 'WorkTimeInSeconds': 49.778, 'AssignmentId': '31HQ4X3T38QTNBMO8ADFTN19LBYSLJ', 'HITId': '3U74KRR6811H3R4UILTJR05UE1XNTD', 'HITTypeId': '31OVKNPS18SQ1D8CFELWYUFRPRPSWA', 'gold': 3, 'bad': False}",1,1,3,1,False,False,1
new brush sweeps clean,someone with a new perspective can make great changes,He started with a new brush so he could begin with a clean slate,0,"{'WorkerId': 'A2LMQ4497NMK3S', 'WorkTimeInSeconds': 163.772, 'AssignmentId': '3QXNC7EIPYBYL013ABR5E84VQPY90G', 'HITId': '3FI30CQHWZZ90K4LJIGHPVDMD48B61', 'HITTypeId': '31OVKNPS18SQ1D8CFELWYUFRPRPSWA', 'gold': 0, 'bad': False}","{'WorkerId': 'A3CGQOJC28OVGN', 'WorkTimeInSeconds': 39.27, 'AssignmentId': '392CY0QWGH78VPC7X6KK34TBQR1I4O', 'HITId': '3FI30CQHWZZ90K4LJIGHPVDMD48B61', 'HITTypeId': '31OVKNPS18SQ1D8CFELWYUFRPRPSWA', 'gold': 3, 'bad': False}","{'WorkerId': 'AURYD2FH3FUOQ', 'WorkTimeInSeconds': 41.578, 'AssignmentId': '32SVAV9L3VP87BA5L4NOC1DMZJ03AK', 'HITId': '3FI30CQHWZZ90K4LJIGHPVDMD48B61', 'HITTypeId': '31OVKNPS18SQ1D8CFELWYUFRPRPSWA', 'gold': 1, 'bad': False}",0,3,1,0,True,False,1
love of life,the person who is loved most by someone in all their life,John has a love of life,2,"{'WorkerId': 'A2A6FH0F7LD9ND', 'WorkTimeInSeconds': 468, 'AssignmentId': '3B837J3LD4C4Q9H1DUABFZA8R2TSRD', 'HITId': '3YKP7CX6HHVS4KIQ2SL9V9DI8FM7BQ', 'HITTypeId': '3PCDMC3F6KHCLEW4V42C9VGU0ZX2XB', 'gold': 1, 'bad': False}","{'WorkerId': 'A2TBXASXZIRNNW', 'WorkTimeInSeconds': 130, 'AssignmentId': '3L0KT67Y8UWDNATNRP25NV35UP8SYF', 'HITId': '3YKP7CX6HHVS4KIQ2SL9V9DI8FM7BQ', 'HITTypeId': '3PCDMC3F6KHCLEW4V42C9VGU0ZX2XB', 'gold': 2, 'bad': False}","{'WorkerId': 'A38DXFI1TZA295', 'WorkTimeInSeconds': 354, 'AssignmentId': '3MRNMEIQWLMNLM36BKIQYOF9K7VDLF', 'HITId': '3YKP7CX6HHVS4KIQ2SL9V9DI8FM7BQ', 'HITTypeId': '3PCDMC3F6KHCLEW4V42C9VGU0ZX2XB', 'gold': 3, 'bad': False}",1,2,3,1,True,True,1
olive branch,to show that someone wants to end a disagreement and make peace,She extended an olive branch in the hope of being deciphered,1,"{'WorkerId': 'APRZ7BR8C0ZMQ', 'WorkTimeInSeconds': 39.215, 'AssignmentId': '32SVAV9L3VP87BA5L4NOC1DM0RPA3X', 'HITId': '3ZLW647WB0BGFOH7HNP8HZYY98Q23J', 'HITTypeId': '3VU3J1KUFRFVJRVRP9M4MWPPXMFGTQ', 'gold': 2, 'bad': False}","{'WorkerId': 'A1LI3JQS2VBOXC', 'WorkTimeInSeconds': 28.345, 'AssignmentId': '3NPFYT4IZSKLX0UMRTMMF3DT49EGX9', 'HITId': '3APP19WN8GU5R1CWZ48VQ64JTH06GD', 'HITTypeId': '31OVKNPS18SQ1D8CFELWYUFRPRPSWA', 'gold': 0, 'bad': False}","{'WorkerId': 'A38DXFI1TZA295', 'WorkTimeInSeconds': 57.136, 'AssignmentId': '38YMOXR4MAF4B70Q5BHE1TMX1T56W4', 'HITId': '3APP19WN8GU5R1CWZ48VQ64JTH06GD', 'HITTypeId': '31OVKNPS18SQ1D8CFELWYUFRPRPSWA', 'gold': 3, 'bad': False}",2,0,3,0,True,True,1
love of life,the person who is loved most by someone in all their life,"John has a love of life, as evidenced by how much he loves taking risks and trying new things",0,"{'WorkerId': 'A26UIS59SY4NM6', 'WorkTimeInSeconds': 182.654, 'AssignmentId': '37WLF8U1W56DG769GXYBDIS2FTR6KI', 'HITId': '3J9UN9O9KI8K4SGI5LDHEIM887S0J9', 'HITTypeId': '31OVKNPS18SQ1D8CFELWYUFRPRPSWA', 'gold': 3, 'bad': False}","{'WorkerId': 'A2LMQ4497NMK3S', 'WorkTimeInSeconds': 155.937, 'AssignmentId': '3137ONMDKWLCR035WOWURESMPAXGE9', 'HITId': '3J9UN9O9KI8K4SGI5LDHEIM887S0J9', 'HITTypeId': '31OVKNPS18SQ1D8CFELWYUFRPRPSWA', 'gold': 2, 'bad': False}","{'WorkerId': 'AURYD2FH3FUOQ', 'WorkTimeInSeconds': 29.849, 'AssignmentId': '3Y4W8Q93LF0QHRF0POKWLXDBCDKDV2', 'HITId': '3J9UN9O9KI8K4SGI5LDHEIM887S0J9', 'HITTypeId': '31OVKNPS18SQ1D8CFELWYUFRPRPSWA', 'gold': 1, 'bad': False}",3,2,1,1,True,True,1
lose head,not have control over your emotions,The situation made him lose his head and he had to look for it everywhere,1,"{'WorkerId': 'A1QUQ0TV9KVD4C', 'WorkTimeInSeconds': 31, 'AssignmentId': '32KTQ2V7RTVVOE8AZGE3C5B8TR6M99', 'HITId': '3XQ4XW3OEOSKZ52M72Q9P76A1NM2S6', 'HITTypeId': '3PCDMC3F6KHCLEW4V42C9VGU0ZX2XB', 'gold': 0, 'bad': False}","{'WorkerId': 'A2A6FH0F7LD9ND', 'WorkTimeInSeconds': 397, 'AssignmentId': '3F1567XTNCLM9T62R9LKTEVD3S2Q9Z', 'HITId': '3XQ4XW3OEOSKZ52M72Q9P76A1NM2S6', 'HITTypeId': '3PCDMC3F6KHCLEW4V42C9VGU0ZX2XB', 'gold': 3, 'bad': False}","{'WorkerId': 'A2LMQ4497NMK3S', 'WorkTimeInSeconds': 252, 'AssignmentId': '3483FV8BEUZIZR2JRRS7DM68XLH26N', 'HITId': '3XQ4XW3OEOSKZ52M72Q9P76A1NM2S6', 'HITTypeId': '3PCDMC3F6KHCLEW4V42C9VGU0ZX2XB', 'gold': 0, 'bad': False}",0,3,0,0,False,True,1
let your hair down,to suggest to someone to relax and enjoy themselves,I let my hair down - figuratively and physically - and allowed myself to have some fun,0,"{'WorkerId': 'A290OV59Q76QC8', 'WorkTimeInSeconds': 47.566, 'AssignmentId': '3HFNH7HEMXU1O3TA5FRULVH076RGQC', 'HITId': '3CKVGCS3QVLD3VZ8SFMV6JDV4P80SQ', 'HITTypeId': '31OVKNPS18SQ1D8CFELWYUFRPRPSWA', 'gold': 2, 'bad': False}","{'WorkerId': 'A38DXFI1TZA295', 'WorkTimeInSeconds': 79.309, 'AssignmentId': '3B3WTRP3DRI5HA4HPYVJXWXANNI920', 'HITId': '3CKVGCS3QVLD3VZ8SFMV6JDV4P80SQ', 'HITTypeId': '31OVKNPS18SQ1D8CFELWYUFRPRPSWA', 'gold': 3, 'bad': False}","{'WorkerId': 'AX8NXTT8QMGHC', 'WorkTimeInSeconds': 45.407, 'AssignmentId': '31IBVUNM98FNFBTWGUFM9XGWNJ6FV6', 'HITId': '3CKVGCS3QVLD3VZ8SFMV6JDV4P80SQ', 'HITTypeId': '31OVKNPS18SQ1D8CFELWYUFRPRPSWA', 'gold': 2, 'bad': False}",2,3,2,2,False,True,1
kill the goose that lays the golden egg,to destroy something that is profitable to you mostly because of greed.,They killed the goose that lays the golden egg for its delicious dinner,1,"{'WorkerId': 'A1LI3JQS2VBOXC', 'WorkTimeInSeconds': 278, 'AssignmentId': '33FOTY3KE210QNTOIE5WU3OD11F1CY', 'HITId': '31KPKEKW5PTEM9I6HT00GU3V01G0BJ', 'HITTypeId': '3PCDMC3F6KHCLEW4V42C9VGU0ZX2XB', 'gold': 0, 'bad': False}","{'WorkerId': 'A2TBXASXZIRNNW', 'WorkTimeInSeconds': 230, 'AssignmentId': '39GAF6DQW7GWPWZO9V01KVC2M8TV1P', 'HITId': '31KPKEKW5PTEM9I6HT00GU3V01G0BJ', 'HITTypeId': '3PCDMC3F6KHCLEW4V42C9VGU0ZX2XB', 'gold': 1, 'bad': False}","{'WorkerId': 'A38DXFI1TZA295', 'WorkTimeInSeconds': 496, 'AssignmentId': '3Y5140Z9DDWUKIYQVQC86246HM4IPK', 'HITId': '31KPKEKW5PTEM9I6HT00GU3V01G0BJ', 'HITTypeId': '3PCDMC3F6KHCLEW4V42C9VGU0ZX2XB', 'gold': 3, 'bad': False}",0,1,3,0,True,True,1
keep your pants on,to tell someone to be calm.,I told him to keep his pants on because he had forgotten to put it on while leaving the house,1,"{'WorkerId': 'A2OVOVZBJYUO', 'WorkTimeInSeconds': 269, 'AssignmentId': '3UJ1CZ6IZX5FLMJ3GNX8CY5CZGH5SH', 'HITId': '3P0I4CQYWDNRDT80E5Y7T9CY851WO8', 'HITTypeId': '3PCDMC3F6KHCLEW4V42C9VGU0ZX2XB', 'gold': 1, 'bad': False}","{'WorkerId': 'A38DXFI1TZA295', 'WorkTimeInSeconds': 187, 'AssignmentId': '3HOSI13XHF44NAFEY3K2FB74BU7DD5', 'HITId': '3P0I4CQYWDNRDT80E5Y7T9CY851WO8', 'HITTypeId': '3PCDMC3F6KHCLEW4V42C9VGU0ZX2XB', 'gold': 3, 'bad': False}","{'WorkerId': 'A3PRQ2GSU42718', 'WorkTimeInSeconds': 161, 'AssignmentId': '3NG53N1RLBZ1VCMDM40HTDASEMAP8M', 'HITId': '3P0I4CQYWDNRDT80E5Y7T9CY851WO8', 'HITTypeId': '3PCDMC3F6KHCLEW4V42C9VGU0ZX2XB', 'gold': 1, 'bad': False}",1,3,1,1,False,False,1
white elephant,an expensive item with no use or purpose,The car was a white elephant because it was almost pure white,1,"{'WorkerId': 'A1QUQ0TV9KVD4C', 'WorkTimeInSeconds': 18.14, 'AssignmentId': '3WJEQKOXAOICX8WQY095O8YP26G1AZ', 'HITId': '3VCK0Q0PPKUGNI73KJ597P3PHRX0ND', 'HITTypeId': '31OVKNPS18SQ1D8CFELWYUFRPRPSWA', 'gold': 3, 'bad': True}","{'WorkerId': 'A2LMQ4497NMK3S', 'WorkTimeInSeconds': 151.413, 'AssignmentId': '3S96KQ6I92KB4ZBBKTKHKFPQFS4TD2', 'HITId': '3VCK0Q0PPKUGNI73KJ597P3PHRX0ND', 'HITTypeId': '31OVKNPS18SQ1D8CFELWYUFRPRPSWA', 'gold': 0, 'bad': False}","{'WorkerId': 'AURYD2FH3FUOQ', 'WorkTimeInSeconds': 23.567, 'AssignmentId': '3ZSY5X72NDRPSHP86DT2VU07VLDROJ', 'HITId': '3VCK0Q0PPKUGNI73KJ597P3PHRX0ND', 'HITTypeId': '31OVKNPS18SQ1D8CFELWYUFRPRPSWA', 'gold': 0, 'bad': False}",3,0,0,0,False,True,1
just around the corner,somethig that is expected to happen very soon,"My birthday is just around the corner, of the next block on this street",1,"{'WorkerId': 'A1HKYY6XI2OHO1', 'WorkTimeInSeconds': 22.826, 'AssignmentId': '39L1G8WVW67CDNX5PLUV10KJWWN132', 'HITId': '3VI0PC2ZBD062TDQOAUTVSQ5H8MXOJ', 'HITTypeId': '31OVKNPS18SQ1D8CFELWYUFRPRPSWA', 'gold': 1, 'bad': False}","{'WorkerId': 'A26UIS59SY4NM6', 'WorkTimeInSeconds': 172.481, 'AssignmentId': '384PI804X8HGQFX2JHRWV39LJKHS0J', 'HITId': '3VI0PC2ZBD062TDQOAUTVSQ5H8MXOJ', 'HITTypeId': '31OVKNPS18SQ1D8CFELWYUFRPRPSWA', 'gold': 1, 'bad': False}","{'WorkerId': 'A2A6FH0F7LD9ND', 'WorkTimeInSeconds': 30.699, 'AssignmentId': '35BLDD71IMDTKSKWH69TCPWE0VTZVM', 'HITId': '3VI0PC2ZBD062TDQOAUTVSQ5H8MXOJ', 'HITTypeId': '31OVKNPS18SQ1D8CFELWYUFRPRPSWA', 'gold': 3, 'bad': False}",1,1,3,1,False,False,1
"love me, love my dog",to accept someone unconditionally,"She loves me, love my dog so she's been following my every step",0,"{'WorkerId': 'A290OV59Q76QC8', 'WorkTimeInSeconds': 298, 'AssignmentId': '3180JW2OTKSMMJ0DTTOUKXEP3X55J2', 'HITId': '3L84EBDQ4MIHS2T4RZNBYH1U1TIKKG', 'HITTypeId': '3PCDMC3F6KHCLEW4V42C9VGU0ZX2XB', 'gold': 0, 'bad': False}","{'WorkerId': 'A38DXFI1TZA295', 'WorkTimeInSeconds': 72, 'AssignmentId': '3LKC68YZ3QJU0D6U5738IT8OMOJOWL', 'HITId': '3L84EBDQ4MIHS2T4RZNBYH1U1TIKKG', 'HITTypeId': '3PCDMC3F6KHCLEW4V42C9VGU0ZX2XB', 'gold': 3, 'bad': False}","{'WorkerId': 'APRZ7BR8C0ZMQ', 'WorkTimeInSeconds': 62, 'AssignmentId': '3SB5N7Y3OJKD0AOBOHXF6PQIUXDG0O', 'HITId': '3L84EBDQ4MIHS2T4RZNBYH1U1TIKKG', 'HITTypeId': '3PCDMC3F6KHCLEW4V42C9VGU0ZX2XB', 'gold': 0, 'bad': False}",0,3,0,0,False,False,1
in the pink,in good health and spirits.,"He was in the pink in his new blazer, as it was his favorite color",1,"{'WorkerId': 'A1LI3JQS2VBOXC', 'WorkTimeInSeconds': 257, 'AssignmentId': '3F6HPJW4JTGGT6HPI95BBG5LLJM2WS', 'HITId': '3XBYQ44Z74K7QLD8AMK6NJIL7DITWR', 'HITTypeId': '3PCDMC3F6KHCLEW4V42C9VGU0ZX2XB', 'gold': 1, 'bad': False}","{'WorkerId': 'A26UIS59SY4NM6', 'WorkTimeInSeconds': 216, 'AssignmentId': '33CID5710K9P3U19IVCELFTXTQIL3T', 'HITId': '3XBYQ44Z74K7QLD8AMK6NJIL7DITWR', 'HITTypeId': '3PCDMC3F6KHCLEW4V42C9VGU0ZX2XB', 'gold': 1, 'bad': False}","{'WorkerId': 'A38DXFI1TZA295', 'WorkTimeInSeconds': 65, 'AssignmentId': '3YZ8UPK3V92GZKKMK2FG55TACUQUCW', 'HITId': '3XBYQ44Z74K7QLD8AMK6NJIL7DITWR', 'HITTypeId': '3PCDMC3F6KHCLEW4V42C9VGU0ZX2XB', 'gold': 3, 'bad': False}",1,1,3,1,False,False,1
on the cards,"Something very likely to happen, occur or take place.",It's on the cards drawn for the game of poker,1,"{'WorkerId': 'A1HKYY6XI2OHO1', 'WorkTimeInSeconds': 103, 'AssignmentId': '37FMASSAYS7SGOXGCLU7BIZH0IQBIT', 'HITId': '3J9L0X0VEU2O664UCGFPWJH9D6S9WK', 'HITTypeId': '3PCDMC3F6KHCLEW4V42C9VGU0ZX2XB', 'gold': 1, 'bad': False}","{'WorkerId': 'A1QUQ0TV9KVD4C', 'WorkTimeInSeconds': 445, 'AssignmentId': '3XLBSAQ9ZKSR92J0Z86D6BGBD50Z7R', 'HITId': '3J9L0X0VEU2O664UCGFPWJH9D6S9WK', 'HITTypeId': '3PCDMC3F6KHCLEW4V42C9VGU0ZX2XB', 'gold': 1, 'bad': False}","{'WorkerId': 'A38DXFI1TZA295', 'WorkTimeInSeconds': 335, 'AssignmentId': '3YW4XOSQK61WCHAO45QWO9AJ81LU10', 'HITId': '3J9L0X0VEU2O664UCGFPWJH9D6S9WK', 'HITTypeId': '3PCDMC3F6KHCLEW4V42C9VGU0ZX2XB', 'gold': 3, 'bad': False}",1,1,3,1,False,False,1
ride (on) a wave,to enjoy the advantages of something,He is riding a wave of the ocean to get to his destination,1,"{'WorkerId': 'A2LMQ4497NMK3S', 'WorkTimeInSeconds': 98, 'AssignmentId': '3DZQRBDBS1VC77WZ249FX17SLKRS3F', 'HITId': '3JU8CV4BS0S1TKBZ2JKC1F42F8YOP5', 'HITTypeId': '3PCDMC3F6KHCLEW4V42C9VGU0ZX2XB', 'gold': 3, 'bad': False}","{'WorkerId': 'A2TBXASXZIRNNW', 'WorkTimeInSeconds': 265, 'AssignmentId': '3YW4XOSQK61WCHAO45QWO9AJ8XYU15', 'HITId': '3JU8CV4BS0S1TKBZ2JKC1F42F8YOP5', 'HITTypeId': '3PCDMC3F6KHCLEW4V42C9VGU0ZX2XB', 'gold': 1, 'bad': False}","{'WorkerId': 'A3PRQ2GSU42718', 'WorkTimeInSeconds': 381, 'AssignmentId': '3DY4FPOOAH4KI1Y57PFGQMUFQ2ZRVL', 'HITId': '3JU8CV4BS0S1TKBZ2JKC1F42F8YOP5', 'HITTypeId': '3PCDMC3F6KHCLEW4V42C9VGU0ZX2XB', 'gold': 1, 'bad': False}",3,1,1,1,False,False,1
when pigs fly,something that will never happen,"It will happen when pigs fly, which is actually possible if they are trained to do so""",1,"{'WorkerId': 'A1LI3JQS2VBOXC', 'WorkTimeInSeconds': 314, 'AssignmentId': '3UXUOQ9OKUDQ8UBSNGQEPIP24KU7AZ', 'HITId': '3J9UN9O9KI8K4SGI5LDHEIM886P0J4', 'HITTypeId': '3PCDMC3F6KHCLEW4V42C9VGU0ZX2XB', 'gold': 1, 'bad': False}","{'WorkerId': 'A2LMQ4497NMK3S', 'WorkTimeInSeconds': 244, 'AssignmentId': '3FPRZHYEPENSZZD3WZEK8ORZKS8V3I', 'HITId': '3J9UN9O9KI8K4SGI5LDHEIM886P0J4', 'HITTypeId': '3PCDMC3F6KHCLEW4V42C9VGU0ZX2XB', 'gold': 1, 'bad': False}","{'WorkerId': 'A38DXFI1TZA295', 'WorkTimeInSeconds': 413, 'AssignmentId': '3DOCMVPBT3UMVYX4CRC87LVS36WNN8', 'HITId': '3J9UN9O9KI8K4SGI5LDHEIM886P0J4', 'HITTypeId': '3PCDMC3F6KHCLEW4V42C9VGU0ZX2XB', 'gold': 3, 'bad': False}",1,1,3,1,False,False,1
upper crust,"the aristocracy and upper classes, informal",She's part of the upper crust of the quiche she baked,1,"{'WorkerId': 'A290OV59Q76QC8', 'WorkTimeInSeconds': 289, 'AssignmentId': '34X6J5FLP9EBF5JBDLCXI89GZXFQJV', 'HITId': '33P2GD6NS28QQCSWLEKELPL29CRHKM', 'HITTypeId': '3PCDMC3F6KHCLEW4V42C9VGU0ZX2XB', 'gold': 1, 'bad': False}","{'WorkerId': 'A2A6FH0F7LD9ND', 'WorkTimeInSeconds': 277, 'AssignmentId': '3PB5A5BD0BMRILOV9GIOL4052F5G7I', 'HITId': '33P2GD6NS28QQCSWLEKELPL29CRHKM', 'HITTypeId': '3PCDMC3F6KHCLEW4V42C9VGU0ZX2XB', 'gold': 0, 'bad': False}","{'WorkerId': 'A38DXFI1TZA295', 'WorkTimeInSeconds': 189, 'AssignmentId': '3M1CVSFP6GL0ECG7JFZKP96X9AKQAE', 'HITId': '33P2GD6NS28QQCSWLEKELPL29CRHKM', 'HITTypeId': '3PCDMC3F6KHCLEW4V42C9VGU0ZX2XB', 'gold': 3, 'bad': False}",1,0,3,0,True,True,1
turn aside,refuse entry to somewhere,She turned aside her anger towards him and forgave him,0,"{'WorkerId': 'A1QUQ0TV9KVD4C', 'WorkTimeInSeconds': 20, 'AssignmentId': '3FTOP5WARV4NRCECWNII32IYMTI0J8', 'HITId': '3N2YPY1GJLESMDV6UHQF2VZ6XU6EVP', 'HITTypeId': '3PCDMC3F6KHCLEW4V42C9VGU0ZX2XB', 'gold': 0, 'bad': False}","{'WorkerId': 'A2LMQ4497NMK3S', 'WorkTimeInSeconds': 118, 'AssignmentId': '30JNVC0ORP0FOZOLPL9C6VT1M5CQHR', 'HITId': '3N2YPY1GJLESMDV6UHQF2VZ6XU6EVP', 'HITTypeId': '3PCDMC3F6KHCLEW4V42C9VGU0ZX2XB', 'gold': 0, 'bad': False}","{'WorkerId': 'APRZ7BR8C0ZMQ', 'WorkTimeInSeconds': 499, 'AssignmentId': '3CCZ6YKWRNZXG7N47HXHV30M7WH957', 'HITId': '3N2YPY1GJLESMDV6UHQF2VZ6XU6EVP', 'HITTypeId': '3PCDMC3F6KHCLEW4V42C9VGU0ZX2XB', 'gold': 3, 'bad': False}",0,0,3,0,False,False,1
too many cooks spoil the broth,to mean that something does not go well when there are too many ways to do it,"There were too many cooks making soup, so the broth turned out terrible",1,"{'WorkerId': 'A1HKYY6XI2OHO1', 'WorkTimeInSeconds': 27.986, 'AssignmentId': '3LWJHTCVCS2VA3XFUVLC3AHO6RRFQC', 'HITId': '3U74KRR6811H3R4UILTJR05UE1XNTD', 'HITTypeId': '31OVKNPS18SQ1D8CFELWYUFRPRPSWA', 'gold': 1, 'bad': False}","{'WorkerId': 'A1QUQ0TV9KVD4C', 'WorkTimeInSeconds': 24.82, 'AssignmentId': '3YOH7BII0PNYVXLAH56JPA81VFMVKN', 'HITId': '3U74KRR6811H3R4UILTJR05UE1XNTD', 'HITTypeId': '31OVKNPS18SQ1D8CFELWYUFRPRPSWA', 'gold': 1, 'bad': False}","{'WorkerId': 'AX8NXTT8QMGHC', 'WorkTimeInSeconds': 49.778, 'AssignmentId': '31HQ4X3T38QTNBMO8ADFTN19LBYSLJ', 'HITId': '3U74KRR6811H3R4UILTJR05UE1XNTD', 'HITTypeId': '31OVKNPS18SQ1D8CFELWYUFRPRPSWA', 'gold': 3, 'bad': False}",1,1,3,1,False,False,1
too many cooks spoil the broth,to mean that something does not go well when there are too many ways to do it,"There were too many cooks trying to come up with a solution, so the problem was never solved",0,"{'WorkerId': 'A1QUQ0TV9KVD4C', 'WorkTimeInSeconds': 124, 'AssignmentId': '3FTYUGLFSA19JX0LJX2JHZJCYD8D5W', 'HITId': '34OWYT6U4BX65BKPNZBAVS81YVHI99', 'HITTypeId': '3PCDMC3F6KHCLEW4V42C9VGU0ZX2XB', 'gold': 0, 'bad': False}","{'WorkerId': 'A230VUDYOCRZ4N', 'WorkTimeInSeconds': 69, 'AssignmentId': '3EICBYG64KC7L49S83B2Y3KZVEQJCN', 'HITId': '34OWYT6U4BX65BKPNZBAVS81YVHI99', 'HITTypeId': '3PCDMC3F6KHCLEW4V42C9VGU0ZX2XB', 'gold': 3, 'bad': False}","{'WorkerId': 'APRZ7BR8C0ZMQ', 'WorkTimeInSeconds': 46, 'AssignmentId': '369J354OFTQ8ELAQQ6DWFQ09700G6Q', 'HITId': '34OWYT6U4BX65BKPNZBAVS81YVHI99', 'HITTypeId': '3PCDMC3F6KHCLEW4V42C9VGU0ZX2XB', 'gold': 0, 'bad': False}",0,3,0,0,False,False,1
tight-lipped,unwilling to speak about an event,He was tight-lipped because he'd been stitching up his lips,1,"{'WorkerId': 'A1QUQ0TV9KVD4C', 'WorkTimeInSeconds': 29.269, 'AssignmentId': '34J10VATJVEFKUZ5V3RX67UGNQCQIM', 'HITId': '3P888QFVYIAMTWCE2WZ11KUCK5ZQOF', 'HITTypeId': '31OVKNPS18SQ1D8CFELWYUFRPRPSWA', 'gold': 3, 'bad': False}","{'WorkerId': 'AURYD2FH3FUOQ', 'WorkTimeInSeconds': 21.924, 'AssignmentId': '3FQ5JJ51214LNSC1FEKSFTEOAJEKN4', 'HITId': '3P888QFVYIAMTWCE2WZ11KUCK5ZQOF', 'HITTypeId': '31OVKNPS18SQ1D8CFELWYUFRPRPSWA', 'gold': 1, 'bad': False}","{'WorkerId': 'AX8NXTT8QMGHC', 'WorkTimeInSeconds': 34.853, 'AssignmentId': '34YB12FSQE4A3OVIDMKD4MXVYCNMG3', 'HITId': '3P888QFVYIAMTWCE2WZ11KUCK5ZQOF', 'HITTypeId': '31OVKNPS18SQ1D8CFELWYUFRPRPSWA', 'gold': 1, 'bad': False}",3,1,1,1,False,False,1
rat race,"to be following a routine that is both, exhaustive as well as competitive","He's in the rat race, literally running on a track",1,"{'WorkerId': 'A1QUQ0TV9KVD4C', 'WorkTimeInSeconds': 133, 'AssignmentId': '3M1CVSFP6GL0ECG7JFZKP96X96XQAJ', 'HITId': '37AQKJ12UC4FY49EFHFV0ZBM3J0TT1', 'HITTypeId': '3PCDMC3F6KHCLEW4V42C9VGU0ZX2XB', 'gold': 1, 'bad': False}","{'WorkerId': 'A38DXFI1TZA295', 'WorkTimeInSeconds': 268, 'AssignmentId': '3XC1O3LBO82U2BZ3XAI53SXVNPWTLJ', 'HITId': '37AQKJ12UC4FY49EFHFV0ZBM3J0TT1', 'HITTypeId': '3PCDMC3F6KHCLEW4V42C9VGU0ZX2XB', 'gold': 3, 'bad': False}","{'WorkerId': 'APRZ7BR8C0ZMQ', 'WorkTimeInSeconds': 32, 'AssignmentId': '3QRYMNZ7FEXKQB2O9NYKGK1KSKWNTF', 'HITId': '37AQKJ12UC4FY49EFHFV0ZBM3J0TT1', 'HITTypeId': '3PCDMC3F6KHCLEW4V42C9VGU0ZX2XB', 'gold': 1, 'bad': False}",1,3,1,1,False,False,1
there's no such thing as a free lunch,to be aware of something that seems free of cost but may have a charge levied in another form,You can't get a free lunch,2,"{'WorkerId': 'A290OV59Q76QC8', 'WorkTimeInSeconds': 161, 'AssignmentId': '3IXEICO79IZCJQWWA6C3E9FYXU6T6A', 'HITId': '36818Z1KWIT5KRCBU2INNHHWLV2A3G', 'HITTypeId': '3PCDMC3F6KHCLEW4V42C9VGU0ZX2XB', 'gold': 3, 'bad': False}","{'WorkerId': 'A2A6FH0F7LD9ND', 'WorkTimeInSeconds': 500, 'AssignmentId': '3U088ZLJV099XWEB3M1XSSC6OL20W6', 'HITId': '36818Z1KWIT5KRCBU2INNHHWLV2A3G', 'HITTypeId': '3PCDMC3F6KHCLEW4V42C9VGU0ZX2XB', 'gold': 2, 'bad': False}","{'WorkerId': 'APRZ7BR8C0ZMQ', 'WorkTimeInSeconds': 422, 'AssignmentId': '3RU7GD8VP49JEW1M026MA4ATQGISPQ', 'HITId': '36818Z1KWIT5KRCBU2INNHHWLV2A3G', 'HITTypeId': '3PCDMC3F6KHCLEW4V42C9VGU0ZX2XB', 'gold': 2, 'bad': False}",3,2,2,2,False,False,1
the rose that grew from concrete,a person who achieved greatness even though they came from a place not so great.,She is the rose that grew from concrete in the backyard,1,"{'WorkerId': 'A1QUQ0TV9KVD4C', 'WorkTimeInSeconds': 19.507, 'AssignmentId': '3S96KQ6I92KB4ZBBKTKHKFPQELBDTE', 'HITId': '3WKGUBL7TE27Y6MJR7CW60PDT7GL4D', 'HITTypeId': '31OVKNPS18SQ1D8CFELWYUFRPRPSWA', 'gold': 2, 'bad': True}","{'WorkerId': 'A2LMQ4497NMK3S', 'WorkTimeInSeconds': 146.643, 'AssignmentId': '3MB8LZR5BV9VZS9G314D21AZ4HMLKW', 'HITId': '3WKGUBL7TE27Y6MJR7CW60PDT7GL4D', 'HITTypeId': '31OVKNPS18SQ1D8CFELWYUFRPRPSWA', 'gold': 1, 'bad': False}","{'WorkerId': 'A38DXFI1TZA295', 'WorkTimeInSeconds': 30.432, 'AssignmentId': '35GCEFQ6IL498JIDXW3NTU4V8473ZL', 'HITId': '3WKGUBL7TE27Y6MJR7CW60PDT7GL4D', 'HITTypeId': '31OVKNPS18SQ1D8CFELWYUFRPRPSWA', 'gold': 3, 'bad': False}",2,1,3,1,True,False,1
still waters run deep,to have passion or furore underneath a calm expression,His still waters run deep - he owns a boat and likes to take it out sailing,1,"{'WorkerId': 'A2LMQ4497NMK3S', 'WorkTimeInSeconds': 122, 'AssignmentId': '3MAOD8E576QR7SB8EXZH5NMQ5GKXN8', 'HITId': '3UUSLRKAV0JLJHGAGOCFQZ1IB0L7DK', 'HITTypeId': '3PCDMC3F6KHCLEW4V42C9VGU0ZX2XB', 'gold': 0, 'bad': False}","{'WorkerId': 'A38DXFI1TZA295', 'WorkTimeInSeconds': 41, 'AssignmentId': '3I02618YAGMZT9TQP71MP5SHBD4PU4', 'HITId': '3UUSLRKAV0JLJHGAGOCFQZ1IB0L7DK', 'HITTypeId': '3PCDMC3F6KHCLEW4V42C9VGU0ZX2XB', 'gold': 3, 'bad': False}","{'WorkerId': 'APRZ7BR8C0ZMQ', 'WorkTimeInSeconds': 42, 'AssignmentId': '3KOPY89HMOIJ84D9FA0150G5P1FJ3R', 'HITId': '3UUSLRKAV0JLJHGAGOCFQZ1IB0L7DK', 'HITTypeId': '3PCDMC3F6KHCLEW4V42C9VGU0ZX2XB', 'gold': 1, 'bad': False}",0,3,1,0,True,True,1
slap on the wrist,to show disapproval.,He got slapped on the wrist,2,"{'WorkerId': 'A277V4SHQB8JRS', 'WorkTimeInSeconds': 49.644, 'AssignmentId': '3YGXWBAF7GXHIMQ75WOYS1VGEUN4CV', 'HITId': '3CVBMEMMYQW2VXLC2KV5HKGG3TU7HB', 'HITTypeId': '3VU3J1KUFRFVJRVRP9M4MWPPXMFGTQ', 'gold': 2, 'bad': False}","{'WorkerId': 'A2YO837C0O1E91', 'WorkTimeInSeconds': 18.552, 'AssignmentId': '3KRVW3HTZ31DTT498MEUT0GYLGOSML', 'HITId': '3OREP8RUUHRBXDTRVVP31MQB7IBBG3', 'HITTypeId': '31OVKNPS18SQ1D8CFELWYUFRPRPSWA', 'gold': 3, 'bad': True}","{'WorkerId': 'AX8NXTT8QMGHC', 'WorkTimeInSeconds': 30.233, 'AssignmentId': '3ITXP059PCZNSLYO5P12D8OHHMTSJH', 'HITId': '3OREP8RUUHRBXDTRVVP31MQB7IBBG3', 'HITTypeId': '31OVKNPS18SQ1D8CFELWYUFRPRPSWA', 'gold': 2, 'bad': False}",2,3,2,2,False,False,1
shed light,to explain something in order to make it easier to understand,She is shedding light,2,"{'WorkerId': 'A1HKYY6XI2OHO1', 'WorkTimeInSeconds': 47.257, 'AssignmentId': '3JAOYWH7VYKBIWQPZ4DOCSWJTNAL92', 'HITId': '37PGLWGSK8MQM73GRW2ZL1MH9PCIKM', 'HITTypeId': '31OVKNPS18SQ1D8CFELWYUFRPRPSWA', 'gold': 0, 'bad': False}","{'WorkerId': 'A2H1QUGX0SOUMH', 'WorkTimeInSeconds': 186.791, 'AssignmentId': '3VNL7UK1XVZ82JP7BZF78FSBQYRFTR', 'HITId': '37PGLWGSK8MQM73GRW2ZL1MH9PCIKM', 'HITTypeId': '31OVKNPS18SQ1D8CFELWYUFRPRPSWA', 'gold': 3, 'bad': False}","{'WorkerId': 'A38DXFI1TZA295', 'WorkTimeInSeconds': 46.714, 'AssignmentId': '3DEL4X4ELM1LJRFMLZ8SM3KX954YXP', 'HITId': '37PGLWGSK8MQM73GRW2ZL1MH9PCIKM', 'HITTypeId': '31OVKNPS18SQ1D8CFELWYUFRPRPSWA', 'gold': 2, 'bad': False}",0,3,2,0,True,True,1
round the clock,continuously or interrupted,She works round the clock by sleeping for three hours and then getting up for work again,1,"{'WorkerId': 'A277V4SHQB8JRS', 'WorkTimeInSeconds': 348.396, 'AssignmentId': '3NJM2BJS4CM37FCQ3GGMVZ6B5QHCPS', 'HITId': '3EGKVCRQGB8BJ4ERP1B98MXFCFYBY0', 'HITTypeId': '3VU3J1KUFRFVJRVRP9M4MWPPXMFGTQ', 'gold': 0, 'bad': False}","{'WorkerId': 'A290OV59Q76QC8', 'WorkTimeInSeconds': 60.578, 'AssignmentId': '30OG32W0SARI1SKRJS9PHY1JPFPNEF', 'HITId': '3YGE63DIOND6ACGHCKWW38GGA240W5', 'HITTypeId': '31OVKNPS18SQ1D8CFELWYUFRPRPSWA', 'gold': 0, 'bad': False}","{'WorkerId': 'A2A6FH0F7LD9ND', 'WorkTimeInSeconds': 47.763, 'AssignmentId': '3GNA64GUZUK3864QOJ83HYQBHXE5QK', 'HITId': '3YGE63DIOND6ACGHCKWW38GGA240W5', 'HITTypeId': '31OVKNPS18SQ1D8CFELWYUFRPRPSWA', 'gold': 3, 'bad': False}",0,0,3,0,False,True,1
rob Peter to pay Paul,to cause harm to one person in order to do good for another.,He was robed Peter to pay Paul,2,"{'WorkerId': 'A1I7H6RDJS4EKN', 'WorkTimeInSeconds': 97.882, 'AssignmentId': '3JW0YLFXR9W25MFWWTUIZNLAQ2SWW4', 'HITId': '3KG2UQJ0NY44BBC21HZOMVU7UVUQN0', 'HITTypeId': '31OVKNPS18SQ1D8CFELWYUFRPRPSWA', 'gold': 3, 'bad': False}","{'WorkerId': 'A26UIS59SY4NM6', 'WorkTimeInSeconds': 90.601, 'AssignmentId': '3TXWC2NHNF6YM9LFJDAPOEAEMOC9SD', 'HITId': '3KG2UQJ0NY44BBC21HZOMVU7UVUQN0', 'HITTypeId': '31OVKNPS18SQ1D8CFELWYUFRPRPSWA', 'gold': 0, 'bad': False}","{'WorkerId': 'AURYD2FH3FUOQ', 'WorkTimeInSeconds': 25.653, 'AssignmentId': '3NKQQ8O39ELQ4CQ0KYARPBBSY6ADUC', 'HITId': '3KG2UQJ0NY44BBC21HZOMVU7UVUQN0', 'HITTypeId': '31OVKNPS18SQ1D8CFELWYUFRPRPSWA', 'gold': 2, 'bad': False}",3,0,2,0,True,True,1
there's no such thing as a free lunch,to be aware of something that seems free of cost but may have a charge levied in another form,"You can't get a free lunch, so you will have to work hard to achieve the desired outcome",0,"{'WorkerId': 'A2TBXASXZIRNNW', 'WorkTimeInSeconds': 267, 'AssignmentId': '36ZN444YT7ECZIMPGQZTH2ZG7DLOIE', 'HITId': '3ZTE0JGGDT8IZV2VXEY6HF5VGPJOCR', 'HITTypeId': '3PCDMC3F6KHCLEW4V42C9VGU0ZX2XB', 'gold': 3, 'bad': False}","{'WorkerId': 'APRZ7BR8C0ZMQ', 'WorkTimeInSeconds': 476, 'AssignmentId': '3TUI152ZZR34KO37NW6RE8DU5CRQ1V', 'HITId': '3ZTE0JGGDT8IZV2VXEY6HF5VGPJOCR', 'HITTypeId': '3PCDMC3F6KHCLEW4V42C9VGU0ZX2XB', 'gold': 0, 'bad': False}","{'WorkerId': 'AX8NXTT8QMGHC', 'WorkTimeInSeconds': 67, 'AssignmentId': '3WEV0KO0O28APZYWVTFRAAT4CXGSDD', 'HITId': '3ZTE0JGGDT8IZV2VXEY6HF5VGPJOCR', 'HITTypeId': '3PCDMC3F6KHCLEW4V42C9VGU0ZX2XB', 'gold': 0, 'bad': False}",3,0,0,0,False,False,1
in the buff,naked,He was in the buff cheering on his team during the game,0,"{'WorkerId': 'A2TBXASXZIRNNW', 'WorkTimeInSeconds': 570, 'AssignmentId': '3TYCR1GOTSZQON82327NPGYC8P5ZL0', 'HITId': '3KWGG5KP7YIUZSHJKYJTPBGQLPHCMD', 'HITTypeId': '3PCDMC3F6KHCLEW4V42C9VGU0ZX2XB', 'gold': 2, 'bad': False}","{'WorkerId': 'APGX2WZ59OWDN', 'WorkTimeInSeconds': 212, 'AssignmentId': '3DQQ64TANW1CLDIVK7GN7TDEWX3PWZ', 'HITId': '3KWGG5KP7YIUZSHJKYJTPBGQLPHCMD', 'HITTypeId': '3PCDMC3F6KHCLEW4V42C9VGU0ZX2XB', 'gold': 2, 'bad': False}","{'WorkerId': 'APRZ7BR8C0ZMQ', 'WorkTimeInSeconds': 52, 'AssignmentId': '3EKVH9QMEEKHK0HY1E0LJSG0E742DF', 'HITId': '3KWGG5KP7YIUZSHJKYJTPBGQLPHCMD', 'HITTypeId': '3PCDMC3F6KHCLEW4V42C9VGU0ZX2XB', 'gold': 3, 'bad': False}",2,2,3,2,False,True,1
keep one's own counsel,say little or nothing about one's opinions or intentions.,He kept his own counsel,2,"{'WorkerId': 'A1LI3JQS2VBOXC', 'WorkTimeInSeconds': 162, 'AssignmentId': '3DZQRBDBS1VC77WZ249FX17SLKPS3D', 'HITId': '3OEWW2KGRYRS4N89XATH1LND1PVODR', 'HITTypeId': '3PCDMC3F6KHCLEW4V42C9VGU0ZX2XB', 'gold': 3, 'bad': False}","{'WorkerId': 'A1QUQ0TV9KVD4C', 'WorkTimeInSeconds': 177, 'AssignmentId': '3COPXFW7XRSLQDOEVTXKJIJJ9M5KP1', 'HITId': '3OEWW2KGRYRS4N89XATH1LND1PVODR', 'HITTypeId': '3PCDMC3F6KHCLEW4V42C9VGU0ZX2XB', 'gold': 2, 'bad': False}","{'WorkerId': 'AEK2SAEL9GG39', 'WorkTimeInSeconds': 107, 'AssignmentId': '3DL65MZB8TVZAON0U20B1N77Q6VCEW', 'HITId': '3OEWW2KGRYRS4N89XATH1LND1PVODR', 'HITTypeId': '3PCDMC3F6KHCLEW4V42C9VGU0ZX2XB', 'gold': 2, 'bad': False}",3,2,2,2,False,False,1
catch a cold,suffer a financial loss.,She caught a cold after feeling the cold shoulder from her friends,0,"{'WorkerId': 'A2YO837C0O1E91', 'WorkTimeInSeconds': 38.991, 'AssignmentId': '3DY46V3X35YEFKLS4RK0JNVKL1R557', 'HITId': '3TKSOBLOI0WF6WLGF9XP0BZER5JBBM', 'HITTypeId': '31OVKNPS18SQ1D8CFELWYUFRPRPSWA', 'gold': 1, 'bad': False}","{'WorkerId': 'A38DXFI1TZA295', 'WorkTimeInSeconds': 45.8, 'AssignmentId': '3G5W44VEUNYFD0VFSA7XP95R80ZGKK', 'HITId': '3TKSOBLOI0WF6WLGF9XP0BZER5JBBM', 'HITTypeId': '31OVKNPS18SQ1D8CFELWYUFRPRPSWA', 'gold': 3, 'bad': False}","{'WorkerId': 'AX8NXTT8QMGHC', 'WorkTimeInSeconds': 35.057, 'AssignmentId': '3SBEHTYCW3JOTWQRMD8RJTXILS1IYA', 'HITId': '3TKSOBLOI0WF6WLGF9XP0BZER5JBBM', 'HITTypeId': '31OVKNPS18SQ1D8CFELWYUFRPRPSWA', 'gold': 0, 'bad': False}",1,3,0,0,True,False,1
bottom fell out,"when something causes a plan, project or venture to collapse or fail",When the bottom fell out,2,"{'WorkerId': 'A1HKYY6XI2OHO1', 'WorkTimeInSeconds': 23.463, 'AssignmentId': '3CTOC39K3N619NEWHM3RIHSLVFAJ7U', 'HITId': '3HA5ODM5LP8TWW0OVCAKRC3LYMHVSB', 'HITTypeId': '31OVKNPS18SQ1D8CFELWYUFRPRPSWA', 'gold': 2, 'bad': False}","{'WorkerId': 'A2LMQ4497NMK3S', 'WorkTimeInSeconds': 19.759, 'AssignmentId': '37M28K1J06TJSPCUOPFBS8UBWNGAJC', 'HITId': '3HA5ODM5LP8TWW0OVCAKRC3LYMHVSB', 'HITTypeId': '31OVKNPS18SQ1D8CFELWYUFRPRPSWA', 'gold': 2, 'bad': False}","{'WorkerId': 'AEK2SAEL9GG39', 'WorkTimeInSeconds': 90.219, 'AssignmentId': '3M68NM076XNZ3BJ46H78EUEGALK6RA', 'HITId': '3HA5ODM5LP8TWW0OVCAKRC3LYMHVSB', 'HITTypeId': '31OVKNPS18SQ1D8CFELWYUFRPRPSWA', 'gold': 3, 'bad': False}",2,2,3,2,False,False,1
break one's back,get through the hardest part of something.,I broke my back,2,"{'WorkerId': 'A1AXQM54WTRGA5', 'WorkTimeInSeconds': 405, 'AssignmentId': '32N49TQG3WYSJKCO5ETUVW55Q20AVT', 'HITId': '3UUSLRKAV0JLJHGAGOCFQZ1IB0Y7DX', 'HITTypeId': '3PCDMC3F6KHCLEW4V42C9VGU0ZX2XB', 'gold': 3, 'bad': False}","{'WorkerId': 'A1LI3JQS2VBOXC', 'WorkTimeInSeconds': 297, 'AssignmentId': '3BDCF01OGDAQJXYX7G54B9PA2V1YL8', 'HITId': '3UUSLRKAV0JLJHGAGOCFQZ1IB0Y7DX', 'HITTypeId': '3PCDMC3F6KHCLEW4V42C9VGU0ZX2XB', 'gold': 2, 'bad': False}","{'WorkerId': 'APRZ7BR8C0ZMQ', 'WorkTimeInSeconds': 394, 'AssignmentId': '3MYYFCXHJJNUZY6C7IKHISGVBDH4GO', 'HITId': '3UUSLRKAV0JLJHGAGOCFQZ1IB0Y7DX', 'HITTypeId': '3PCDMC3F6KHCLEW4V42C9VGU0ZX2XB', 'gold': 2, 'bad': False}",3,2,2,2,False,False,1
bring someone to book,make somebody accountable for their conduct.,The police brought him to book,2,"{'WorkerId': 'A1QUQ0TV9KVD4C', 'WorkTimeInSeconds': 14.219, 'AssignmentId': '31T4R4OBO8WE198Q7UM5VDFQ5V1C79', 'HITId': '3S4TINXCDF3ZPQAPJE2B6VZDY5YOB1', 'HITTypeId': '31OVKNPS18SQ1D8CFELWYUFRPRPSWA', 'gold': 2, 'bad': True}","{'WorkerId': 'AURYD2FH3FUOQ', 'WorkTimeInSeconds': 23.371, 'AssignmentId': '352YTHGROBT8ZU1NRO2Z3SSWRLFH42', 'HITId': '3S4TINXCDF3ZPQAPJE2B6VZDY5YOB1', 'HITTypeId': '31OVKNPS18SQ1D8CFELWYUFRPRPSWA', 'gold': 0, 'bad': False}","{'WorkerId': 'AX8NXTT8QMGHC', 'WorkTimeInSeconds': 71.777, 'AssignmentId': '3X73LLYYQHUUL2BT9THV21YWI2ANH3', 'HITId': '3S4TINXCDF3ZPQAPJE2B6VZDY5YOB1', 'HITTypeId': '31OVKNPS18SQ1D8CFELWYUFRPRPSWA', 'gold': 3, 'bad': False}",2,0,3,0,True,True,1
burst at the seams,to be filled up to the brim,The room was bursting at the seams due to all the wear and tear it had sustained,1,"{'WorkerId': 'A1LI3JQS2VBOXC', 'WorkTimeInSeconds': 39, 'AssignmentId': '3KOPY89HMOIJ84D9FA0150G5P1F3JB', 'HITId': '3MIVREZQWWE335RZ4478U3D30ZAKQ8', 'HITTypeId': '3PCDMC3F6KHCLEW4V42C9VGU0ZX2XB', 'gold': 1, 'bad': False}","{'WorkerId': 'A1QUQ0TV9KVD4C', 'WorkTimeInSeconds': 96, 'AssignmentId': '3LQ8PUHQF1827102CD43XT2FVR7IHK', 'HITId': '3MIVREZQWWE335RZ4478U3D30ZAKQ8', 'HITTypeId': '3PCDMC3F6KHCLEW4V42C9VGU0ZX2XB', 'gold': 1, 'bad': False}","{'WorkerId': 'A38DXFI1TZA295', 'WorkTimeInSeconds': 43, 'AssignmentId': '3HWRJOOETLIFH5CWROQBGSBPC9HSE6', 'HITId': '3MIVREZQWWE335RZ4478U3D30ZAKQ8', 'HITTypeId': '3PCDMC3F6KHCLEW4V42C9VGU0ZX2XB', 'gold': 3, 'bad': False}",1,1,3,1,False,False,1
carry coals to new castle,to take something to a place or a person that has a lot of that thing already,She carried coals to Newcastle although she knew it was a futile effort,0,"{'WorkerId': 'A1P3Z24Y6GRNVA', 'WorkTimeInSeconds': 39.236, 'AssignmentId': '31JLPPHS2AAX9F46VNS6DWXRP7XO3C', 'HITId': '372AGES0JJL9Z656G2BXPNVASV6XRS', 'HITTypeId': '31OVKNPS18SQ1D8CFELWYUFRPRPSWA', 'gold': 2, 'bad': False}","{'WorkerId': 'A3CGQOJC28OVGN', 'WorkTimeInSeconds': 25.859, 'AssignmentId': '34S6N1K2ZBZ4X288XG1GP9U7D7BLH0', 'HITId': '372AGES0JJL9Z656G2BXPNVASV6XRS', 'HITTypeId': '31OVKNPS18SQ1D8CFELWYUFRPRPSWA', 'gold': 3, 'bad': False}","{'WorkerId': 'AURYD2FH3FUOQ', 'WorkTimeInSeconds': 25.129, 'AssignmentId': '3FPRZHYEPENSZZD3WZEK8ORZL0U3VT', 'HITId': '372AGES0JJL9Z656G2BXPNVASV6XRS', 'HITTypeId': '31OVKNPS18SQ1D8CFELWYUFRPRPSWA', 'gold': 2, 'bad': False}",2,3,2,2,False,True,1
in the bad books,out of favour,He's in the bad books because he checked them out of the library but never returned them,1,"{'WorkerId': 'A1QUQ0TV9KVD4C', 'WorkTimeInSeconds': 134, 'AssignmentId': '36TFCYNS4KQZXWPXBZ4403PUJ4BXHZ', 'HITId': '3RDTX9JRUDH9GR3T487D43ISKF6793', 'HITTypeId': '3PCDMC3F6KHCLEW4V42C9VGU0ZX2XB', 'gold': 3, 'bad': False}","{'WorkerId': 'A2LMQ4497NMK3S', 'WorkTimeInSeconds': 184, 'AssignmentId': '3MAOD8E576QR7SB8EXZH5NMQ5GKNXY', 'HITId': '3RDTX9JRUDH9GR3T487D43ISKF6793', 'HITTypeId': '3PCDMC3F6KHCLEW4V42C9VGU0ZX2XB', 'gold': 0, 'bad': False}","{'WorkerId': 'A2TBXASXZIRNNW', 'WorkTimeInSeconds': 269, 'AssignmentId': '3A1COHJ8NZB9IVOP3RSCK481SV2H8B', 'HITId': '3RDTX9JRUDH9GR3T487D43ISKF6793', 'HITTypeId': '3PCDMC3F6KHCLEW4V42C9VGU0ZX2XB', 'gold': 1, 'bad': False}",3,0,1,0,True,True,1
basket case,a person or a thing that is not able to function properly,He is a basket case because he is carrying all the groceries in a basket,1,"{'WorkerId': 'A1QUQ0TV9KVD4C', 'WorkTimeInSeconds': 290, 'AssignmentId': '32SCWG5HIXKERY3PTP3J9ZE18RN6PK', 'HITId': '3U18MJKL2920HA2JWZYT2Q5QQFENCB', 'HITTypeId': '3PCDMC3F6KHCLEW4V42C9VGU0ZX2XB', 'gold': 1, 'bad': False}","{'WorkerId': 'A2A6FH0F7LD9ND', 'WorkTimeInSeconds': 576, 'AssignmentId': '34S9DKFK7J5G7X1IJTLJO1TZ7MEYNF', 'HITId': '3U18MJKL2920HA2JWZYT2Q5QQFENCB', 'HITTypeId': '3PCDMC3F6KHCLEW4V42C9VGU0ZX2XB', 'gold': 1, 'bad': False}","{'WorkerId': 'A38DXFI1TZA295', 'WorkTimeInSeconds': 231, 'AssignmentId': '3KAKFY4PGAINDTT3XSF1TZ15CMQ3IZ', 'HITId': '3U18MJKL2920HA2JWZYT2Q5QQFENCB', 'HITTypeId': '3PCDMC3F6KHCLEW4V42C9VGU0ZX2XB', 'gold': 3, 'bad': False}",1,1,3,1,False,False,1
bang on,to be exact; to be correct; to be proper,She was bang on the door trying to get inside,1,"{'WorkerId': 'A277V4SHQB8JRS', 'WorkTimeInSeconds': 115.787, 'AssignmentId': '3DY4FPOOAH4KI1Y57PFGQMUFRFKVR1', 'HITId': '3DWNFENNFIB13GYJOM0JQLCLPJ8J48', 'HITTypeId': '3VU3J1KUFRFVJRVRP9M4MWPPXMFGTQ', 'gold': 1, 'bad': False}","{'WorkerId': 'A290OV59Q76QC8', 'WorkTimeInSeconds': 33.556, 'AssignmentId': '3MD9PLUKKYUGCNBNFFN22821DLYNZL', 'HITId': '32L724R8600RXY0W4O77HI8G3ZIIPN', 'HITTypeId': '31OVKNPS18SQ1D8CFELWYUFRPRPSWA', 'gold': 3, 'bad': False}","{'WorkerId': 'AX8NXTT8QMGHC', 'WorkTimeInSeconds': 46.584, 'AssignmentId': '3VHHR074HJX74D2WK7F4YW5DYXM7LC', 'HITId': '32L724R8600RXY0W4O77HI8G3ZIIPN', 'HITTypeId': '31OVKNPS18SQ1D8CFELWYUFRPRPSWA', 'gold': 1, 'bad': False}",1,3,1,1,False,False,1
back to the wall,to be in a difficult situation,They were backed up against the wall,2,"{'WorkerId': 'A290OV59Q76QC8', 'WorkTimeInSeconds': 31.956, 'AssignmentId': '3F1567XTNCLM9T62R9LKTEVD3TW9QE', 'HITId': '31J7RYEC006Q67P04PTU82IAHN6L10', 'HITTypeId': '31OVKNPS18SQ1D8CFELWYUFRPRPSWA', 'gold': 2, 'bad': False}","{'WorkerId': 'A2YO837C0O1E91', 'WorkTimeInSeconds': 65.905, 'AssignmentId': '3JC6VJ2SARZBLQX9ZNBHRYB6DFSA5I', 'HITId': '31J7RYEC006Q67P04PTU82IAHN6L10', 'HITTypeId': '31OVKNPS18SQ1D8CFELWYUFRPRPSWA', 'gold': 3, 'bad': False}","{'WorkerId': 'AX8NXTT8QMGHC', 'WorkTimeInSeconds': 44.445, 'AssignmentId': '3ZOTGHDK5YR1TWPLL2T7L453GG3SO0', 'HITId': '31J7RYEC006Q67P04PTU82IAHN6L10', 'HITTypeId': '31OVKNPS18SQ1D8CFELWYUFRPRPSWA', 'gold': 2, 'bad': False}",2,3,2,2,False,False,1
cold shoulder,to treat somebody with coldness and contempt,He gave me the cold shoulder by literally keeping his arm away from me,1,"{'WorkerId': 'A290OV59Q76QC8', 'WorkTimeInSeconds': 39.118, 'AssignmentId': '30MVJZJNH2T5N62PWJ1BWDJRPY49JN', 'HITId': '3OPLMF3EVK3TKEWP9CRS59VDKOBNLA', 'HITTypeId': '31OVKNPS18SQ1D8CFELWYUFRPRPSWA', 'gold': 1, 'bad': False}","{'WorkerId': 'A2A6FH0F7LD9ND', 'WorkTimeInSeconds': 62.325, 'AssignmentId': '3WEV0KO0O28APZYWVTFRAAT4C2XDSP', 'HITId': '3OPLMF3EVK3TKEWP9CRS59VDKOBNLA', 'HITTypeId': '31OVKNPS18SQ1D8CFELWYUFRPRPSWA', 'gold': 3, 'bad': False}","{'WorkerId': 'A2LMQ4497NMK3S', 'WorkTimeInSeconds': 155.97, 'AssignmentId': '3NGI5ARFT9LJKC2SNJR2E3NK0LN1P7', 'HITId': '3OPLMF3EVK3TKEWP9CRS59VDKOBNLA', 'HITTypeId': '31OVKNPS18SQ1D8CFELWYUFRPRPSWA', 'gold': 1, 'bad': False}",1,3,1,1,False,False,1
bite tongue,to keep yourself from saying something that you really want to say,I had to bite my tongue to stop myself from screaming in pain,1,"{'WorkerId': 'A1QUQ0TV9KVD4C', 'WorkTimeInSeconds': 17.402, 'AssignmentId': '345LHZDEDD8SMKO3R94FC2PG7TL3U4', 'HITId': '3ULIZ0H1WPLC4IMFC2DNRDMDVY351V', 'HITTypeId': '31OVKNPS18SQ1D8CFELWYUFRPRPSWA', 'gold': 0, 'bad': False}","{'WorkerId': 'A2A6FH0F7LD9ND', 'WorkTimeInSeconds': 46.228, 'AssignmentId': '39U1BHVTD17DM79ER4E5763EOFE3TD', 'HITId': '3ULIZ0H1WPLC4IMFC2DNRDMDVY351V', 'HITTypeId': '31OVKNPS18SQ1D8CFELWYUFRPRPSWA', 'gold': 3, 'bad': False}","{'WorkerId': 'AX8NXTT8QMGHC', 'WorkTimeInSeconds': 132.853, 'AssignmentId': '3DI28L7YXQUFNLD2E5BRKROGNLDE16', 'HITId': '3ULIZ0H1WPLC4IMFC2DNRDMDVY351V', 'HITTypeId': '31OVKNPS18SQ1D8CFELWYUFRPRPSWA', 'gold': 1, 'bad': False}",0,3,1,0,True,True,1
cut both ways,"have two different effects at the same time, usually one good and one bad.","His decision cut both ways, as it impacted people coming from different directions",1,"{'WorkerId': 'A1P3Z24Y6GRNVA', 'WorkTimeInSeconds': 42.724, 'AssignmentId': '3H8DHMCCWPRC1GLOQK6PJO2UWFHKDR', 'HITId': '36AZSFEY0JGUFAJMKQOP1NTLUYWBVR', 'HITTypeId': '3VU3J1KUFRFVJRVRP9M4MWPPXMFGTQ', 'gold': 2, 'bad': False}","{'WorkerId': 'A38DXFI1TZA295', 'WorkTimeInSeconds': 41.128, 'AssignmentId': '3DY4FPOOAH4KI1Y57PFGQMUFQ7GVRG', 'HITId': '3NFWQRSHWTU1AU570XBZKCHWMG3GFQ', 'HITTypeId': '31OVKNPS18SQ1D8CFELWYUFRPRPSWA', 'gold': 3, 'bad': False}","{'WorkerId': 'AKQAI78JTXXC9', 'WorkTimeInSeconds': 88.38, 'AssignmentId': '37FMASSAYS7SGOXGCLU7BIZH0JJBIO', 'HITId': '3NFWQRSHWTU1AU570XBZKCHWMG3GFQ', 'HITTypeId': '31OVKNPS18SQ1D8CFELWYUFRPRPSWA', 'gold': 0, 'bad': False}",2,3,0,0,True,True,1
back to the wall,to be in a difficult situation,They were backed up against the wall with no other options left,0,"{'WorkerId': 'A1LI3JQS2VBOXC', 'WorkTimeInSeconds': 29, 'AssignmentId': '3BC8WZX3VJCSPUHOY5A6PP5C5WNRRT', 'HITId': '324N5FAHTCRV8DNGQ31I0QCBHRPKV2', 'HITTypeId': '3PCDMC3F6KHCLEW4V42C9VGU0ZX2XB', 'gold': 3, 'bad': False}","{'WorkerId': 'A2A6FH0F7LD9ND', 'WorkTimeInSeconds': 454, 'AssignmentId': '34S6N1K2ZBZ4X288XG1GP9U7CV0LH0', 'HITId': '324N5FAHTCRV8DNGQ31I0QCBHRPKV2', 'HITTypeId': '3PCDMC3F6KHCLEW4V42C9VGU0ZX2XB', 'gold': 0, 'bad': False}","{'WorkerId': 'APRZ7BR8C0ZMQ', 'WorkTimeInSeconds': 56, 'AssignmentId': '3TPZPLC3MGSFUFG7AN5L2W2HY0IP3U', 'HITId': '324N5FAHTCRV8DNGQ31I0QCBHRPKV2', 'HITTypeId': '3PCDMC3F6KHCLEW4V42C9VGU0ZX2XB', 'gold': 0, 'bad': False}",3,0,0,0,False,False,1
as the crow flies,in a straight line,"She went as the crow flies, never taking no for an answer",0,"{'WorkerId': 'A290OV59Q76QC8', 'WorkTimeInSeconds': 225, 'AssignmentId': '3KB8R4ZV1UNEKXRLMXU4Q6M1L5WGB4', 'HITId': '3TLFH2L6ZO4LE5F1W2VZZC2W3602TV', 'HITTypeId': '3PCDMC3F6KHCLEW4V42C9VGU0ZX2XB', 'gold': 0, 'bad': False}","{'WorkerId': 'AEK2SAEL9GG39', 'WorkTimeInSeconds': 102, 'AssignmentId': '3KIBXJ1WDLA35DCDGTK5UIETZLXKOG', 'HITId': '3TLFH2L6ZO4LE5F1W2VZZC2W3602TV', 'HITTypeId': '3PCDMC3F6KHCLEW4V42C9VGU0ZX2XB', 'gold': 0, 'bad': False}","{'WorkerId': 'APRZ7BR8C0ZMQ', 'WorkTimeInSeconds': 344, 'AssignmentId': '32N49TQG3WYSJKCO5ETUVW55Q2ZVAD', 'HITId': '3TLFH2L6ZO4LE5F1W2VZZC2W3602TV', 'HITTypeId': '3PCDMC3F6KHCLEW4V42C9VGU0ZX2XB', 'gold': 3, 'bad': False}",0,0,3,0,False,False,1
end of the day,to look at all the possibilities and then to make a final decision,At the end of the day,2,"{'WorkerId': 'A1QUQ0TV9KVD4C', 'WorkTimeInSeconds': 452, 'AssignmentId': '3TGOYF991D2CLE1M6T0GZBFGJYJUU0', 'HITId': '30UZJB2PPWS8EL0UZ6R6F61ATHE53I', 'HITTypeId': '3PCDMC3F6KHCLEW4V42C9VGU0ZX2XB', 'gold': 2, 'bad': False}","{'WorkerId': 'A2A6FH0F7LD9ND', 'WorkTimeInSeconds': 419, 'AssignmentId': '3COPXFW7XRSLQDOEVTXKJIJJ9QTKPX', 'HITId': '30UZJB2PPWS8EL0UZ6R6F61ATHE53I', 'HITTypeId': '3PCDMC3F6KHCLEW4V42C9VGU0ZX2XB', 'gold': 2, 'bad': False}","{'WorkerId': 'A2LMQ4497NMK3S', 'WorkTimeInSeconds': 236, 'AssignmentId': '3YMU66OBI3OOBAU7MP40CHPZGI2HGM', 'HITId': '30UZJB2PPWS8EL0UZ6R6F61ATHE53I', 'HITTypeId': '3PCDMC3F6KHCLEW4V42C9VGU0ZX2XB', 'gold': 3, 'bad': False}",2,2,3,2,False,False,1
fly off the handle,To lose one's temper and get angry for seemingly no reason (does not usually refer to situations that would warrant an emotional response).,I flew off the handle when I pulled it too hard,1,"{'WorkerId': 'A2TBXASXZIRNNW', 'WorkTimeInSeconds': 473, 'AssignmentId': '3B4YI393VPCGROHESJAG59F4D4DSS2', 'HITId': '36818Z1KWIT5KRCBU2INNHHWLVFA3T', 'HITTypeId': '3PCDMC3F6KHCLEW4V42C9VGU0ZX2XB', 'gold': 1, 'bad': False}","{'WorkerId': 'A38DXFI1TZA295', 'WorkTimeInSeconds': 478, 'AssignmentId': '3OVR4I9US5ZLCN0QAEPTC6KXH0OQ43', 'HITId': '36818Z1KWIT5KRCBU2INNHHWLVFA3T', 'HITTypeId': '3PCDMC3F6KHCLEW4V42C9VGU0ZX2XB', 'gold': 3, 'bad': False}","{'WorkerId': 'APGX2WZ59OWDN', 'WorkTimeInSeconds': 120, 'AssignmentId': '3CFVK00FW11O0DOR1XACSI5H3L9L6W', 'HITId': '36818Z1KWIT5KRCBU2INNHHWLVFA3T', 'HITTypeId': '3PCDMC3F6KHCLEW4V42C9VGU0ZX2XB', 'gold': 1, 'bad': False}",1,3,1,1,False,False,1
for crying out loud,"to show irritation, exasperation or anger",I said it for crying out loud in frustration because no one was listening,0,"{'WorkerId': 'A2A6FH0F7LD9ND', 'WorkTimeInSeconds': 48.673, 'AssignmentId': '3KKG4CDWKYEFKOJ4TCE7QBU871E94W', 'HITId': '32K26U12E24NU7H6YMFVWDHLXIBDV1', 'HITTypeId': '31OVKNPS18SQ1D8CFELWYUFRPRPSWA', 'gold': 1, 'bad': False}","{'WorkerId': 'A38DXFI1TZA295', 'WorkTimeInSeconds': 95.171, 'AssignmentId': '320DUZ38GN2K2GPXAP7LOU5ETBZGJL', 'HITId': '32K26U12E24NU7H6YMFVWDHLXIBDV1', 'HITTypeId': '31OVKNPS18SQ1D8CFELWYUFRPRPSWA', 'gold': 3, 'bad': False}","{'WorkerId': 'AURYD2FH3FUOQ', 'WorkTimeInSeconds': 223.851, 'AssignmentId': '3QUO65DNQA4H89HPA7O705NR1DOOUC', 'HITId': '32K26U12E24NU7H6YMFVWDHLXIBDV1', 'HITTypeId': '31OVKNPS18SQ1D8CFELWYUFRPRPSWA', 'gold': 2, 'bad': False}",1,3,2,1,True,True,1
get down to brass tacks,talk about the important things,Let's get down to brass tacks and secure the tent to the ground,1,"{'WorkerId': 'A1QUQ0TV9KVD4C', 'WorkTimeInSeconds': 135, 'AssignmentId': '3TPWUS5F8PHTRO9RF2UHNTE7XA0WCW', 'HITId': '3ZZAYRN1JL7ZLC46J0TW6P5Z4BJOTA', 'HITTypeId': '3PCDMC3F6KHCLEW4V42C9VGU0ZX2XB', 'gold': 1, 'bad': False}","{'WorkerId': 'A2TBXASXZIRNNW', 'WorkTimeInSeconds': 271, 'AssignmentId': '3GA6AFUKO44NHYIJRAXGTN0QC9B3H6', 'HITId': '3ZZAYRN1JL7ZLC46J0TW6P5Z4BJOTA', 'HITTypeId': '3PCDMC3F6KHCLEW4V42C9VGU0ZX2XB', 'gold': 1, 'bad': False}","{'WorkerId': 'A38DXFI1TZA295', 'WorkTimeInSeconds': 417, 'AssignmentId': '3OB0CAO74X5OX1F7GVQ6JHW3LA5YH6', 'HITId': '3ZZAYRN1JL7ZLC46J0TW6P5Z4BJOTA', 'HITTypeId': '3PCDMC3F6KHCLEW4V42C9VGU0ZX2XB', 'gold': 3, 'bad': False}",1,1,3,1,False,False,1
give them a bird,to hold up your middle finger as a very rude sign,I gave them a bird to show them I cared,1,"{'WorkerId': 'A1AXQM54WTRGA5', 'WorkTimeInSeconds': 142, 'AssignmentId': '3X4JMASXC2PH9TG08V515EZLEO8B0X', 'HITId': '3XBXDSS89NZYW8ATBIE13BMBM2EXLX', 'HITTypeId': '3PCDMC3F6KHCLEW4V42C9VGU0ZX2XB', 'gold': 3, 'bad': False}","{'WorkerId': 'A2A6FH0F7LD9ND', 'WorkTimeInSeconds': 522, 'AssignmentId': '32AT8R96G1PW619IHO5GKAXSY1XSUH', 'HITId': '3XBXDSS89NZYW8ATBIE13BMBM2EXLX', 'HITTypeId': '3PCDMC3F6KHCLEW4V42C9VGU0ZX2XB', 'gold': 1, 'bad': False}","{'WorkerId': 'A2TBXASXZIRNNW', 'WorkTimeInSeconds': 195, 'AssignmentId': '3O6CYIULETHPDIQR1TFHHZ0D4ETWU0', 'HITId': '3XBXDSS89NZYW8ATBIE13BMBM2EXLX', 'HITTypeId': '3PCDMC3F6KHCLEW4V42C9VGU0ZX2XB', 'gold': 2, 'bad': False}",3,1,2,1,True,False,1
go out with,have a romantic relationship with someone,He went out with her to some fancy restaurants,0,"{'WorkerId': 'A2A6FH0F7LD9ND', 'WorkTimeInSeconds': 327, 'AssignmentId': '3TGOYF991D2CLE1M6T0GZBFGJYIUUZ', 'HITId': '3OND0WXMIBVN4C0MPS9BNU8XPFVHE2', 'HITTypeId': '3PCDMC3F6KHCLEW4V42C9VGU0ZX2XB', 'gold': 1, 'bad': False}","{'WorkerId': 'A2H1QUGX0SOUMH', 'WorkTimeInSeconds': 117, 'AssignmentId': '32XVDSJFPFDKOUNBE7ZO2I3UNLX2MY', 'HITId': '3OND0WXMIBVN4C0MPS9BNU8XPFVHE2', 'HITTypeId': '3PCDMC3F6KHCLEW4V42C9VGU0ZX2XB', 'gold': 3, 'bad': False}","{'WorkerId': 'A2TBXASXZIRNNW', 'WorkTimeInSeconds': 503, 'AssignmentId': '3M81GAB8AGZ5XMLZPTZGKKQ3RS6QBA', 'HITId': '3OND0WXMIBVN4C0MPS9BNU8XPFVHE2', 'HITTypeId': '3PCDMC3F6KHCLEW4V42C9VGU0ZX2XB', 'gold': 1, 'bad': False}",1,3,1,1,False,True,1
arrive in a body,arrive with unityÂ as a group.,They arrived in a body with each person having their own distinct physical form,1,"{'WorkerId': 'A290OV59Q76QC8', 'WorkTimeInSeconds': 298, 'AssignmentId': '3180JW2OTKSMMJ0DTTOUKXEP3X55J2', 'HITId': '3L84EBDQ4MIHS2T4RZNBYH1U1TIKKG', 'HITTypeId': '3PCDMC3F6KHCLEW4V42C9VGU0ZX2XB', 'gold': 0, 'bad': False}","{'WorkerId': 'A38DXFI1TZA295', 'WorkTimeInSeconds': 72, 'AssignmentId': '3LKC68YZ3QJU0D6U5738IT8OMOJOWL', 'HITId': '3L84EBDQ4MIHS2T4RZNBYH1U1TIKKG', 'HITTypeId': '3PCDMC3F6KHCLEW4V42C9VGU0ZX2XB', 'gold': 3, 'bad': False}","{'WorkerId': 'APRZ7BR8C0ZMQ', 'WorkTimeInSeconds': 62, 'AssignmentId': '3SB5N7Y3OJKD0AOBOHXF6PQIUXDG0O', 'HITId': '3L84EBDQ4MIHS2T4RZNBYH1U1TIKKG', 'HITTypeId': '3PCDMC3F6KHCLEW4V42C9VGU0ZX2XB', 'gold': 1, 'bad': False}",0,3,1,0,True,True,1
green thumb,good gardening results,He has a green thumb because he wears gloves when gardening,1,"{'WorkerId': 'A1QUQ0TV9KVD4C', 'WorkTimeInSeconds': 35.556, 'AssignmentId': '3WJ1OXY92QWU88GBXLIK3ILXF5T8AI', 'HITId': '3P6ENY9P8OCZKH28LBZ2896PH88IHI', 'HITTypeId': '31OVKNPS18SQ1D8CFELWYUFRPRPSWA', 'gold': 2, 'bad': False}","{'WorkerId': 'A2YO837C0O1E91', 'WorkTimeInSeconds': 28.462, 'AssignmentId': '3U8YCDAGX5W4DZIPRD2R03UK0P30QU', 'HITId': '3P6ENY9P8OCZKH28LBZ2896PH88IHI', 'HITTypeId': '31OVKNPS18SQ1D8CFELWYUFRPRPSWA', 'gold': 0, 'bad': False}","{'WorkerId': 'A38DXFI1TZA295', 'WorkTimeInSeconds': 43.077, 'AssignmentId': '3B4YI393VPCGROHESJAG59F4D55SSW', 'HITId': '3P6ENY9P8OCZKH28LBZ2896PH88IHI', 'HITTypeId': '31OVKNPS18SQ1D8CFELWYUFRPRPSWA', 'gold': 3, 'bad': False}",2,0,3,0,True,True,1
have a ball,to have a great time,They had a ball last night when they played rounders,1,"{'WorkerId': 'APRZ7BR8C0ZMQ', 'WorkTimeInSeconds': 54.536, 'AssignmentId': '3EFVCAY5LJP591JFRRVXWHOG60BJ8E', 'HITId': '3G9UA71JWAAYM3G2QKYQTXWVGLYJ7S', 'HITTypeId': '3VU3J1KUFRFVJRVRP9M4MWPPXMFGTQ', 'gold': 1, 'bad': False}","{'WorkerId': 'A1HKYY6XI2OHO1', 'WorkTimeInSeconds': 46.303, 'AssignmentId': '39GXDJN2O9UE0WJ98G9GZ5ZA0FT8VI', 'HITId': '3FI30CQHWZZ90K4LJIGHPVDMD486BW', 'HITTypeId': '31OVKNPS18SQ1D8CFELWYUFRPRPSWA', 'gold': 0, 'bad': False}","{'WorkerId': 'AKQAI78JTXXC9', 'WorkTimeInSeconds': 73.379, 'AssignmentId': '3ZAK8W07IKUW5SP68MMWA4R93A80UY', 'HITId': '3FI30CQHWZZ90K4LJIGHPVDMD486BW', 'HITTypeId': '31OVKNPS18SQ1D8CFELWYUFRPRPSWA', 'gold': 3, 'bad': False}",1,0,3,0,True,True,1
heart and soul,with all the effort you can put into it,"She committed with her heart and soul, literally using each muscle and organ of her body",1,"{'WorkerId': 'A1P3Z24Y6GRNVA', 'WorkTimeInSeconds': 42.724, 'AssignmentId': '3H8DHMCCWPRC1GLOQK6PJO2UWFHKDR', 'HITId': '36AZSFEY0JGUFAJMKQOP1NTLUYWBVR', 'HITTypeId': '3VU3J1KUFRFVJRVRP9M4MWPPXMFGTQ', 'gold': 0, 'bad': False}","{'WorkerId': 'A38DXFI1TZA295', 'WorkTimeInSeconds': 41.128, 'AssignmentId': '3DY4FPOOAH4KI1Y57PFGQMUFQ7GVRG', 'HITId': '3NFWQRSHWTU1AU570XBZKCHWMG3GFQ', 'HITTypeId': '31OVKNPS18SQ1D8CFELWYUFRPRPSWA', 'gold': 3, 'bad': False}","{'WorkerId': 'AKQAI78JTXXC9', 'WorkTimeInSeconds': 88.38, 'AssignmentId': '37FMASSAYS7SGOXGCLU7BIZH0JJBIO', 'HITId': '3NFWQRSHWTU1AU570XBZKCHWMG3GFQ', 'HITTypeId': '31OVKNPS18SQ1D8CFELWYUFRPRPSWA', 'gold': 0, 'bad': False}",0,3,0,0,False,True,1
bite the dust,to fall to the ground,The team bit the dust when they marched over it,1,"{'WorkerId': 'A1AXQM54WTRGA5', 'WorkTimeInSeconds': 248, 'AssignmentId': '38SKSKU7RHD4TXJS3YJ1PLVMCC3ILM', 'HITId': '3PKJ68EHE2CVFSME3TK2KALPUNRHJN', 'HITTypeId': '3PCDMC3F6KHCLEW4V42C9VGU0ZX2XB', 'gold': 1, 'bad': False}","{'WorkerId': 'A38DXFI1TZA295', 'WorkTimeInSeconds': 427, 'AssignmentId': '3R3YRB5GRVJS65NO0OJPZA3MCVRAU4', 'HITId': '3PKJ68EHE2CVFSME3TK2KALPUNRHJN', 'HITTypeId': '3PCDMC3F6KHCLEW4V42C9VGU0ZX2XB', 'gold': 3, 'bad': False}","{'WorkerId': 'APRZ7BR8C0ZMQ', 'WorkTimeInSeconds': 530, 'AssignmentId': '392CY0QWGH78VPC7X6KK34TBQQ94IG', 'HITId': '3PKJ68EHE2CVFSME3TK2KALPUNRHJN', 'HITTypeId': '3PCDMC3F6KHCLEW4V42C9VGU0ZX2XB', 'gold': 1, 'bad': False}",1,3,1,1,False,False,1
those three little words,"the three words ""I love you""",He said those three little words when he admitted his guilt in court,1,"{'WorkerId': 'A277V4SHQB8JRS', 'WorkTimeInSeconds': 52.341, 'AssignmentId': '3TPZPLC3MGSFUFG7AN5L2W2HZD63PN', 'HITId': '3SNR5F7RAH9N07B6VARWN69CPTDEIX', 'HITTypeId': '3VU3J1KUFRFVJRVRP9M4MWPPXMFGTQ', 'gold': 1, 'bad': False}","{'WorkerId': 'A1QUQ0TV9KVD4C', 'WorkTimeInSeconds': 43.365, 'AssignmentId': '3P4RDNWNDLMYY7VS0D7O96IU8OSIJG', 'HITId': '3E24UO25RE6TJETUNNL3VFDLK3R6O0', 'HITTypeId': '31OVKNPS18SQ1D8CFELWYUFRPRPSWA', 'gold': 3, 'bad': False}","{'WorkerId': 'A3CGQOJC28OVGN', 'WorkTimeInSeconds': 45.091, 'AssignmentId': '3WQ3B2KGEOWHGI1I4E91JJIVJH71BL', 'HITId': '3E24UO25RE6TJETUNNL3VFDLK3R6O0', 'HITTypeId': '31OVKNPS18SQ1D8CFELWYUFRPRPSWA', 'gold': 3, 'bad': False}",1,3,3,3,False,True,2
third wheel or fifth wheel,a person who is in a situation where they are not needed,He was the third wheel of the bike when the two of them decided to ride together,1,"{'WorkerId': 'A1QUQ0TV9KVD4C', 'WorkTimeInSeconds': 160, 'AssignmentId': '3MB8LZR5BV9VZS9G314D21AZ4C5KL4', 'HITId': '35NNO802BACRUDOJO9UFDT3L3KYNID', 'HITTypeId': '3PCDMC3F6KHCLEW4V42C9VGU0ZX2XB', 'gold': 0, 'bad': False}","{'WorkerId': 'A2A6FH0F7LD9ND', 'WorkTimeInSeconds': 506, 'AssignmentId': '3DY46V3X35YEFKLS4RK0JNVKLWB55H', 'HITId': '35NNO802BACRUDOJO9UFDT3L3KYNID', 'HITTypeId': '3PCDMC3F6KHCLEW4V42C9VGU0ZX2XB', 'gold': 3, 'bad': False}","{'WorkerId': 'A38DXFI1TZA295', 'WorkTimeInSeconds': 46, 'AssignmentId': '3B837J3LD4C4Q9H1DUABFZA8RY7SRJ', 'HITId': '35NNO802BACRUDOJO9UFDT3L3KYNID', 'HITTypeId': '3PCDMC3F6KHCLEW4V42C9VGU0ZX2XB', 'gold': 3, 'bad': False}",0,3,3,3,False,True,2
belly up,to die,The bar bellied up as its customers lay on the floor under its tables,1,"{'WorkerId': 'A1QUQ0TV9KVD4C', 'WorkTimeInSeconds': 20, 'AssignmentId': '3MB8LZR5BV9VZS9G314D21AZ4GSKLZ', 'HITId': '391FPZIE5R24T8X8FSOGRCU0B3PHUJ', 'HITTypeId': '3PCDMC3F6KHCLEW4V42C9VGU0ZX2XB', 'gold': 3, 'bad': False}","{'WorkerId': 'A2A6FH0F7LD9ND', 'WorkTimeInSeconds': 66, 'AssignmentId': '3PH3VY7DJ1D6ZHK17GEPYRFS6WAZWU', 'HITId': '391FPZIE5R24T8X8FSOGRCU0B3PHUJ', 'HITTypeId': '3PCDMC3F6KHCLEW4V42C9VGU0ZX2XB', 'gold': 0, 'bad': False}","{'WorkerId': 'A2LMQ4497NMK3S', 'WorkTimeInSeconds': 301, 'AssignmentId': '3V0Z7YWSIEG3EHHKSZ0FPEM7EE8V27', 'HITId': '391FPZIE5R24T8X8FSOGRCU0B3PHUJ', 'HITTypeId': '3PCDMC3F6KHCLEW4V42C9VGU0ZX2XB', 'gold': 3, 'bad': False}",3,0,3,3,False,True,2
under your nose,"when something happens right in front of you, especially if it is surprising or audacious",,0,"{'WorkerId': 'A1QUQ0TV9KVD4C', 'WorkTimeInSeconds': 552, 'AssignmentId': '3JPSL1DZ58FFBF3F3N73LFBS4ZXANB', 'HITId': '3EKZL9T8ZN287EG8T13GX68U43ICH4', 'HITTypeId': '3PCDMC3F6KHCLEW4V42C9VGU0ZX2XB', 'gold': 1, 'bad': False}","{'WorkerId': 'A290OV59Q76QC8', 'WorkTimeInSeconds': 485, 'AssignmentId': '3QRYMNZ7FEXKQB2O9NYKGK1KSOINT9', 'HITId': '3EKZL9T8ZN287EG8T13GX68U43ICH4', 'HITTypeId': '3PCDMC3F6KHCLEW4V42C9VGU0ZX2XB', 'gold': 3, 'bad': False}","{'WorkerId': 'A2H1QUGX0SOUMH', 'WorkTimeInSeconds': 251, 'AssignmentId': '3PW9OPU9P60NS51MLLGQIQFRPA012N', 'HITId': '3EKZL9T8ZN287EG8T13GX68U43ICH4', 'HITTypeId': '3PCDMC3F6KHCLEW4V42C9VGU0ZX2XB', 'gold': 3, 'bad': False}",1,3,3,3,False,True,2
hold water,"it means that the point of view or argument put forward is sound, strong or logical","This story doesn't hold water, so it keeps spilling out when you try to contain it",1,"{'WorkerId': 'A1QUQ0TV9KVD4C', 'WorkTimeInSeconds': 35.556, 'AssignmentId': '3WJ1OXY92QWU88GBXLIK3ILXF5T8AI', 'HITId': '3P6ENY9P8OCZKH28LBZ2896PH88IHI', 'HITTypeId': '31OVKNPS18SQ1D8CFELWYUFRPRPSWA', 'gold': 3, 'bad': False}","{'WorkerId': 'A2YO837C0O1E91', 'WorkTimeInSeconds': 28.462, 'AssignmentId': '3U8YCDAGX5W4DZIPRD2R03UK0P30QU', 'HITId': '3P6ENY9P8OCZKH28LBZ2896PH88IHI', 'HITTypeId': '31OVKNPS18SQ1D8CFELWYUFRPRPSWA', 'gold': 0, 'bad': False}","{'WorkerId': 'A38DXFI1TZA295', 'WorkTimeInSeconds': 43.077, 'AssignmentId': '3B4YI393VPCGROHESJAG59F4D55SSW', 'HITId': '3P6ENY9P8OCZKH28LBZ2896PH88IHI', 'HITTypeId': '31OVKNPS18SQ1D8CFELWYUFRPRPSWA', 'gold': 3, 'bad': False}",3,0,3,3,False,True,2
by dint of,as a result of something,"He graduated by dint of"" ",2,"{'WorkerId': 'A2A6FH0F7LD9ND', 'WorkTimeInSeconds': 459, 'AssignmentId': '3R8YZBNQ9XYIVAI9CCN0FI4782G7Q6', 'HITId': '3087LXLJ71W4ZQUMMVMWZKUGFZ80F1', 'HITTypeId': '3PCDMC3F6KHCLEW4V42C9VGU0ZX2XB', 'gold': 1, 'bad': False}","{'WorkerId': 'A2LMQ4497NMK3S', 'WorkTimeInSeconds': 193, 'AssignmentId': '3FE2ERCCZDO4G49TTLPDQZ0STV2OPK', 'HITId': '3087LXLJ71W4ZQUMMVMWZKUGFZ80F1', 'HITTypeId': '3PCDMC3F6KHCLEW4V42C9VGU0ZX2XB', 'gold': 3, 'bad': False}","{'WorkerId': 'A38DXFI1TZA295', 'WorkTimeInSeconds': 232, 'AssignmentId': '3C6FJU71T69T2NLRGUX52WLTFMTUYX', 'HITId': '3087LXLJ71W4ZQUMMVMWZKUGFZ80F1', 'HITTypeId': '3PCDMC3F6KHCLEW4V42C9VGU0ZX2XB', 'gold': 3, 'bad': False}",1,3,3,3,False,True,2
quantum leap,to make a significant improvement or dramatic advancement,They took a quantum leap from the ledge of the building,1,"{'WorkerId': 'A1QUQ0TV9KVD4C', 'WorkTimeInSeconds': 160, 'AssignmentId': '3MB8LZR5BV9VZS9G314D21AZ4C5KL4', 'HITId': '35NNO802BACRUDOJO9UFDT3L3KYNID', 'HITTypeId': '3PCDMC3F6KHCLEW4V42C9VGU0ZX2XB', 'gold': 3, 'bad': False}","{'WorkerId': 'A2A6FH0F7LD9ND', 'WorkTimeInSeconds': 506, 'AssignmentId': '3DY46V3X35YEFKLS4RK0JNVKLWB55H', 'HITId': '35NNO802BACRUDOJO9UFDT3L3KYNID', 'HITTypeId': '3PCDMC3F6KHCLEW4V42C9VGU0ZX2XB', 'gold': 2, 'bad': False}","{'WorkerId': 'A38DXFI1TZA295', 'WorkTimeInSeconds': 46, 'AssignmentId': '3B837J3LD4C4Q9H1DUABFZA8RY7SRJ', 'HITId': '35NNO802BACRUDOJO9UFDT3L3KYNID', 'HITTypeId': '3PCDMC3F6KHCLEW4V42C9VGU0ZX2XB', 'gold': 3, 'bad': False}",3,2,3,3,False,True,2
pound of flesh,an unreasonable demand but something that is one's legal right.,He demanded his pound of flesh which had to be cut off me,1,"{'WorkerId': 'A1QUQ0TV9KVD4C', 'WorkTimeInSeconds': 28.839, 'AssignmentId': '37U1UTWH9B2M7P2SZW46Y8A7F9G8RP', 'HITId': '3AA88CN994JCC7ILVEO27PG5Z8AKYU', 'HITTypeId': '31OVKNPS18SQ1D8CFELWYUFRPRPSWA', 'gold': 3, 'bad': False}","{'WorkerId': 'A38DXFI1TZA295', 'WorkTimeInSeconds': 57.887, 'AssignmentId': '3EJPLAJKE2W8525VGY1L0XGFIV96ZU', 'HITId': '3AA88CN994JCC7ILVEO27PG5Z8AKYU', 'HITTypeId': '31OVKNPS18SQ1D8CFELWYUFRPRPSWA', 'gold': 3, 'bad': False}","{'WorkerId': 'A3RR85PK3AV9TU', 'WorkTimeInSeconds': 52.018, 'AssignmentId': '36ZN444YT7ECZIMPGQZTH2ZG7I1OI4', 'HITId': '3AA88CN994JCC7ILVEO27PG5Z8AKYU', 'HITTypeId': '31OVKNPS18SQ1D8CFELWYUFRPRPSWA', 'gold': 1, 'bad': False}",3,3,1,3,False,True,2
closed book,something that one knows or understands nothing about.,"This is a closed book, because it has no contents left inside",1,"{'WorkerId': 'A1QUQ0TV9KVD4C', 'WorkTimeInSeconds': 30, 'AssignmentId': '3OVR4I9US5ZLCN0QAEPTC6KXH0P4QI', 'HITId': '3I6NF2WGJVC98XCIULYQY0QJXMJ5GQ', 'HITTypeId': '3PCDMC3F6KHCLEW4V42C9VGU0ZX2XB', 'gold': 0, 'bad': False}","{'WorkerId': 'A38DXFI1TZA295', 'WorkTimeInSeconds': 374, 'AssignmentId': '345LHZDEDD8SMKO3R94FC2PG6LZU3S', 'HITId': '3I6NF2WGJVC98XCIULYQY0QJXMJ5GQ', 'HITTypeId': '3PCDMC3F6KHCLEW4V42C9VGU0ZX2XB', 'gold': 3, 'bad': False}","{'WorkerId': 'A98E8M4QLI9RS', 'WorkTimeInSeconds': 72, 'AssignmentId': '3PPTZCWAL601FKOFV7FJ62X6IVSQZG', 'HITId': '3I6NF2WGJVC98XCIULYQY0QJXMJ5GQ', 'HITTypeId': '3PCDMC3F6KHCLEW4V42C9VGU0ZX2XB', 'gold': 3, 'bad': False}",0,3,3,3,False,True,2
dollars to donuts,an outcome that is almost assured is called as dollars to doughnuts,It'll cost dollars to donuts that the project won't be completed in this timeline,0,"{'WorkerId': 'A1LI3JQS2VBOXC', 'WorkTimeInSeconds': 51.26, 'AssignmentId': '3VFJCI1K4FF1048AIUGUQLR53STGRD', 'HITId': '33BFF6QPJGR2R4FEV7EF56ENDEO3W3', 'HITTypeId': '31OVKNPS18SQ1D8CFELWYUFRPRPSWA', 'gold': 3, 'bad': False}","{'WorkerId': 'A2A6FH0F7LD9ND', 'WorkTimeInSeconds': 42.487, 'AssignmentId': '36ZN444YT7ECZIMPGQZTH2ZG7I2IOZ', 'HITId': '33BFF6QPJGR2R4FEV7EF56ENDEO3W3', 'HITTypeId': '31OVKNPS18SQ1D8CFELWYUFRPRPSWA', 'gold': 0, 'bad': False}","{'WorkerId': 'A38DXFI1TZA295', 'WorkTimeInSeconds': 65.157, 'AssignmentId': '39RP059MEX9EC7N7X0SZ3B6YHS2BM3', 'HITId': '33BFF6QPJGR2R4FEV7EF56ENDEO3W3', 'HITTypeId': '31OVKNPS18SQ1D8CFELWYUFRPRPSWA', 'gold': 3, 'bad': False}",3,0,3,3,False,True,2
drop like flies,many people falling ill or dying around the same time,,1,"{'WorkerId': 'A1HKYY6XI2OHO1', 'WorkTimeInSeconds': 86.148, 'AssignmentId': '3ZOTGHDK5YR1TWPLL2T7L453GG2SOZ', 'HITId': '3ZXNP4Z3A614HT42T5A39C9NK96L7X', 'HITTypeId': '31OVKNPS18SQ1D8CFELWYUFRPRPSWA', 'gold': 2, 'bad': False}","{'WorkerId': 'AEK2SAEL9GG39', 'WorkTimeInSeconds': 88.952, 'AssignmentId': '3GNA64GUZUK3864QOJ83HYQBHXD5QJ', 'HITId': '3ZXNP4Z3A614HT42T5A39C9NK96L7X', 'HITTypeId': '31OVKNPS18SQ1D8CFELWYUFRPRPSWA', 'gold': 3, 'bad': False}","{'WorkerId': 'AKQAI78JTXXC9', 'WorkTimeInSeconds': 79.757, 'AssignmentId': '3YWRV122C8FENHU93QZB3JXRM8K8UT', 'HITId': '3ZXNP4Z3A614HT42T5A39C9NK96L7X', 'HITTypeId': '31OVKNPS18SQ1D8CFELWYUFRPRPSWA', 'gold': 3, 'bad': False}",2,3,3,3,False,True,2
take the cake,being the best in a competition,His speech really took the cake and he ate it afterwards,1,"{'WorkerId': 'A2A6FH0F7LD9ND', 'WorkTimeInSeconds': 327, 'AssignmentId': '3TGOYF991D2CLE1M6T0GZBFGJYIUUZ', 'HITId': '3OND0WXMIBVN4C0MPS9BNU8XPFVHE2', 'HITTypeId': '3PCDMC3F6KHCLEW4V42C9VGU0ZX2XB', 'gold': 3, 'bad': False}","{'WorkerId': 'A2H1QUGX0SOUMH', 'WorkTimeInSeconds': 117, 'AssignmentId': '32XVDSJFPFDKOUNBE7ZO2I3UNLX2MY', 'HITId': '3OND0WXMIBVN4C0MPS9BNU8XPFVHE2', 'HITTypeId': '3PCDMC3F6KHCLEW4V42C9VGU0ZX2XB', 'gold': 3, 'bad': False}","{'WorkerId': 'A2TBXASXZIRNNW', 'WorkTimeInSeconds': 503, 'AssignmentId': '3M81GAB8AGZ5XMLZPTZGKKQ3RS6QBA', 'HITId': '3OND0WXMIBVN4C0MPS9BNU8XPFVHE2', 'HITTypeId': '3PCDMC3F6KHCLEW4V42C9VGU0ZX2XB', 'gold': 1, 'bad': False}",3,3,1,3,False,True,2
you rock,explaining how awesome and cool a person is.,He rocks back and forth when he's feeling anxious,1,"{'WorkerId': 'A38DXFI1TZA295', 'WorkTimeInSeconds': 45.749, 'AssignmentId': '3HOSI13XHF44NAFEY3K2FB74BZMDDU', 'HITId': '3RDTX9JRUDH9GR3T487D43ISKFP97O', 'HITTypeId': '31OVKNPS18SQ1D8CFELWYUFRPRPSWA', 'gold': 3, 'bad': False}","{'WorkerId': 'AKQAI78JTXXC9', 'WorkTimeInSeconds': 73.987, 'AssignmentId': '3LUY3GC63FGXVYHUCZ8BFDEX37N7PA', 'HITId': '3RDTX9JRUDH9GR3T487D43ISKFP97O', 'HITTypeId': '31OVKNPS18SQ1D8CFELWYUFRPRPSWA', 'gold': 1, 'bad': False}","{'WorkerId': 'AX8NXTT8QMGHC', 'WorkTimeInSeconds': 34.366, 'AssignmentId': '384PI804X8HGQFX2JHRWV39LIDO0SJ', 'HITId': '3RDTX9JRUDH9GR3T487D43ISKFP97O', 'HITTypeId': '31OVKNPS18SQ1D8CFELWYUFRPRPSWA', 'gold': 3, 'bad': False}",3,1,3,3,False,True,2
over the top,"excessive, exaggerated",,1,"{'WorkerId': 'A2A6FH0F7LD9ND', 'WorkTimeInSeconds': 30.678, 'AssignmentId': '3YDTZAI2WDWXVJG9PZZEB5CP9PQ41I', 'HITId': '362E9TQF3W6LKL7X15HKN9UO28VGIH', 'HITTypeId': '31OVKNPS18SQ1D8CFELWYUFRPRPSWA', 'gold': 3, 'bad': False}","{'WorkerId': 'AKQAI78JTXXC9', 'WorkTimeInSeconds': 151.287, 'AssignmentId': '3MX2NQ3YCPANH352AX3VB6M4E015XH', 'HITId': '362E9TQF3W6LKL7X15HKN9UO28VGIH', 'HITTypeId': '31OVKNPS18SQ1D8CFELWYUFRPRPSWA', 'gold': 3, 'bad': False}","{'WorkerId': 'AX8NXTT8QMGHC', 'WorkTimeInSeconds': 49.471, 'AssignmentId': '3U8YCDAGX5W4DZIPRD2R03UK0P20QT', 'HITId': '362E9TQF3W6LKL7X15HKN9UO28VGIH', 'HITTypeId': '31OVKNPS18SQ1D8CFELWYUFRPRPSWA', 'gold': 3, 'bad': False}",3,3,3,3,False,True,3
crocodile tears,fake cry,,0,"{'WorkerId': 'A1QUQ0TV9KVD4C', 'WorkTimeInSeconds': 14.122, 'AssignmentId': '3IJXV6UZ1DZFWVE58IGXBX4LI5MIR8', 'HITId': '3MA5N0ATURR8N2NLGD6EMSVPO0AKWV', 'HITTypeId': '31OVKNPS18SQ1D8CFELWYUFRPRPSWA', 'gold': 3, 'bad': False}","{'WorkerId': 'A2A6FH0F7LD9ND', 'WorkTimeInSeconds': 21.355, 'AssignmentId': '3Y5140Z9DDWUKIYQVQC86246HNYIPG', 'HITId': '3MA5N0ATURR8N2NLGD6EMSVPO0AKWV', 'HITTypeId': '31OVKNPS18SQ1D8CFELWYUFRPRPSWA', 'gold': 3, 'bad': False}","{'WorkerId': 'AX8NXTT8QMGHC', 'WorkTimeInSeconds': 56.408, 'AssignmentId': '35BLDD71IMDTKSKWH69TCPWEZOZVZ9', 'HITId': '3MA5N0ATURR8N2NLGD6EMSVPO0AKWV', 'HITTypeId': '31OVKNPS18SQ1D8CFELWYUFRPRPSWA', 'gold': 3, 'bad': False}",3,3,3,3,False,True,3
good egg,a kind person,He is a good egg because he can crack it perfectly with one hand,1,"{'WorkerId': 'A290OV59Q76QC8', 'WorkTimeInSeconds': 589, 'AssignmentId': '3DZQRBDBS1VC77WZ249FX17SLKQ3SP', 'HITId': '3BO3NEOQNFXKAUUUF5PARNJL4DZIAO', 'HITTypeId': '3PCDMC3F6KHCLEW4V42C9VGU0ZX2XB', 'gold': 3, 'bad': False}","{'WorkerId': 'A2A6FH0F7LD9ND', 'WorkTimeInSeconds': 593, 'AssignmentId': '31EUONYN2BJHLO6PFXYCWRPAFFHOVB', 'HITId': '3BO3NEOQNFXKAUUUF5PARNJL4DZIAO', 'HITTypeId': '3PCDMC3F6KHCLEW4V42C9VGU0ZX2XB', 'gold': 3, 'bad': False}","{'WorkerId': 'A38DXFI1TZA295', 'WorkTimeInSeconds': 55, 'AssignmentId': '3NJM2BJS4CM37FCQ3GGMVZ6B4DXPCU', 'HITId': '3BO3NEOQNFXKAUUUF5PARNJL4DZIAO', 'HITTypeId': '3PCDMC3F6KHCLEW4V42C9VGU0ZX2XB', 'gold': 3, 'bad': False}",3,3,3,3,False,True,3
