idiom_0,meaning_0,instance_0,label_0,idiom_1,meaning_1,instance_1,label_1,idiom_2,meaning_2,instance_2,label_2,idiom_3,meaning_3,instance_3,label_3,idiom_4,meaning_4,instance_4,label_4
dragging its feet,"delaying in decision, not showing enthusiasm",The project is dragging its feet,2,let your hair down,to suggest to someone to relax and enjoy themselves,I let my hair down - figuratively and physically - and allowed myself to have some fun,0,in the cahoots,to do something in hiding or secret because it is morally or socially not acceptable,They were in the cahoots to keep the secret a secret,0,have kittens,"to be very worried, upset, or angry about something",She had kittens,2,take a beating,to be defeated in doing something and be reprimanded for the same,He took a beating when he got into a bar fight,1
bull's eye,the center of a target,I hit the bull's eye with the arrow during target practice,1,sitting duck,to be an easy target,He's a sitting duck,2,let sleeping dogs lie,its best to leave a situation as it is if disturbing it might cause trouble,We should let sleeping dogs lie,2,rabbit hole,mentally go somewhere surreal or strange,He went down the rabbit hole,2,rain check,declining an offer that might be taken up later.,Let's take a rain check,2
red herring,something irrelevant that distracts you from something important,It was a red herring that distracted us from our goal,0,walking on broken glass,when a person is punished for something,They're walking on broken glass because they refused to wear the necessary protective gear,1,cross the line,behave in a way that is not acceptable,He crossed the line when it came to showing disrespect,0,straighten up and fly right,to get serious and stop acting absurd anymore.,He decided to straighten up and fly right,2,made it,used to indicated the completion of a task,She made it,2
when hell freezes over,"impolite way of saying ""it will never happen""",I will do it when hell freezes over,2,big brother,A large organization or government agency that tries to control all aspects of human life and society.,The big brother was watching,2,from A to Z,comprehensive,He knows it from A to Z; he is an expert,0,dead and buried,no longer in use.,It's dead and buried,2,down to earth,"decent, simple, realistic",He is down to earth because he jumped off the top of the building,1
treasure trove,a priceless or valuable discovery,The shed was a treasure trove of memories from long ago,0,cover one's tracks,"to keep one's location, activities, and intentions hidden.",He covered his tracks,2,"when it rains, it pours",to have a good or bad news enlarged by circumstances,"When it rains, it pours and so many bad things are happening to me right now",0,a storm is brewing,"there is going to be trouble, probably with outbursts of anger or emotion",A storm is brewing; it's only a matter of time before everything starts to fall apart,0,chill to the bone,to get frightened or scare somebody,The wind was chill to the bone; I felt so uncomfortable when I stepped outside today,0
straight shooter,someone who speaks the truth,He's a straight shooter when it comes to shooting hoops,1,head and shoulders above,significantly better than everybody else in the field,She's head and shoulders above the rest in terms of her physical height,1,ray of sunshine,someone or something that brings hope into the lives of others,She was a ray of sunshine,2,out of the frying pan into the fire,to go from a bad to worse situation,He went from the frying pan into the fire after changing jobs,0,cry over spilt milk,to be upset about things that have already been done,Don't cry over spilt milk; it's not worth wallowing in regret,0
rise and shine,to ask someone to wake up and become active in the daily chores,It's time to rise and shine,2,out on the town,go out and enjoy yourself at one or more places in the town,She was out on the town last night enjoying her time after a long day of work,0,just around the corner,somethig that is expected to happen very soon,My birthday is just around the corner,2,bang head against wall,to be frustrated in your efforts to change something or make something happen,He's been banging his head against the wall even though it's giving him a headache,1,long run,far away in the future,It will help in the long run,2
on the brink of,to be on the verge of doing something,The town was on the brink of disaster as the river water was only a few inches away from overflowing its banks,1,as well as,additionally,I visited the store as well as the museum to get the best of both worlds,0,have kittens,"to be very worried, upset, or angry about something",She had kittens when she heard about the terrible news,0,make ends meet,make sufficient money to survive on,He's been struggling to make ends meet,2,skating on thin ice,to do something considered quite dangerous or risky,He's skating on thin ice as he's balancing on the edge of disaster,0
go through channels,to follow the correct steps in order to get something done,"They went through the channels, as in the waterways, to get to their destination",1,in the red,more money going out than coming in,Her bank account was in the red,2,miss the boat,miss a chance,We missed the boat when it sailed away from the docks,1,cutting edge,to be among the latest and the best (often used for technological advancements),"They are on the cutting edge"" ",2,not playing with a full deck,not mentally sound,He's not playing with a full deck because he's making some really illogical decisions,0
the sun rises and sets on them,to believe that someone is the most wonderful and important person in the world; to love and adore someone more than anyone else,She thinks the sun rises and sets on them because they are her world,0,bells and whistles,special features that are added to a product or system to attract more buyers,I wanted all the bells and whistles,2,in full swing,at a stage when the level of activity is at its highest,The party is in full swing as the DJ is playing all the latest songs,1,get the wrong end of the stick,to understand something in the wrong way,I think I got the wrong end of the stick,2,keep an eye on,keep a watch on something or someone closely,He keeps an eye on her to make sure she doesn't make any mistakes,0
pain in the neck,Mathematics is generally a real pain in the neck for most of the school and college students.,This project has been a pain in the neck because it's taking up too much of my time,0,out of the closet,go public about something private or hidden,They came out of the closet when they announced their sexual orientation,0,take up the cudgels,argue strongly in support or against somebody or something,She took up the cudgels to tackle the issue of poverty,0,hit the roof,experience sudden anger,He hit the roof when he heard the news,0,drop like flies,many people falling ill or dying around the same time,They dropped like flies as the crew worked harder and harder,0
let the cat out of the bag,to let a secret out in the open,She let the cat out of the bag,2,go round in circles,work at something but keep failing to make progress with it.,I keep going round in circles trying to find the solution to this problem,0,a voice crying in the wilderness,to say something that is not popular,She's a voice crying in the wilderness as she screams for help from the remote location,1,head above water,to succeed to survive in bad financial situations,She has kept her head above water,2,crocodile tears,fake cry,,0
cold shoulder,to treat somebody with coldness and contempt,He gave me the cold shoulder,2,bite tongue,to keep yourself from saying something that you really want to say,I had to bite my tongue,2,not getting anywhere,to make no progress at all; not improving or advancing a particular situation,I'm not getting anywhere because I'm not driving anywhere,1,on the cards,"Something very likely to happen, occur or take place.",It's on the cards,2,off on the wrong foot,off to a bad start,We got off on the wrong foot when we started talking yesterday,0
under your nose,"when something happens right in front of you, especially if it is surprising or audacious","It was right under your nose, it was hard to miss",1,in the doghouse,someone who is in disgrace and very unpopular at the moment,He's in the doghouse,2,bad-mouth,to say something bad about something,He bad-mouthed the teacher,2,under the auspices,"under the protection, sponsorship, or patronage",The project was created under the auspices of the building's roof,1,deep down,felt strongly and often hidden from other people,She knew deep down,2
take the edge off,blunt the effect of,I need to take the edge off,2,have a ball,to have a great time,They had a ball last night when they played rounders,1,cry wolf,"to keep asking for help, even when you don't need it. When you really need help, no one believes you.",Don't cry wolf when there isn't an emergency,0,high roller,"a wealthy person or company who spends their money in a risky way, often by making risky investments that can offer large rewards",She's a high roller since she always plays high stakes games at the casino,1,hit the road,depart,Let's hit the road so we can get to our destination,1
put the clock back,change to a lower level or earlier time.,I tried to put the clock back,2,in a pickle,to be in a difficult situation,I'm in a pickle,2,tall poppy,a privileged or distinguished person.,She's a tall poppy,2,speak of the devil,when someone comes in unexpectedly while being talked about,I was just speaking of the devil when he walked in the room,0,wrapped up in cotton wool,to be over-protected from dangers and risks,He was wrapped up in cotton wool because he was cold,1
baying for blood,want somebody to be hurt or punished.,The crowd was baying for blood,2,in light of,because of,I changed my plans in light of the events that have taken place,0,close shave,a narrow escape,That was a close shave getting so close to the edge without falling off,1,smooth his ruffled feathers,to make someone feel less angry or offended,I tried to smooth his ruffled feathers by telling him a joke so he wouldn't be angry at me anymore,0,a damp squib,an event which people think will be exciting but which is disappointing when it happens.,The event was a damp squib because it was constantly disrupted by rain,1
a whole raft of,a large collection of something,I got a whole raft of information,2,jury's out,when there is no general agreement or consensus on something,The jury's out on what to do next,0,take the biscuit,be the most remarkable or foolish of its kind,That took the biscuit,2,jobs for the boys,work that someone in an important position gives to their friends or relations,They got jobs for the boys,2,black hole,a place in which things are lost never to be seen again,He fell into a black hole,2
in at the deep end,to start a new job or activity without being prepared for it,She jumped in at the deep end of the pool since she wanted a cooler swim,1,cat among the pigeons,do or say something that causes trouble and make a lot of people angry or worried,He caused a cat among the pigeons when he mentioned that he was considering changing jobs,0,sit on the fence,delay or avoid making a decision or choice,I'm sitting on the fence,2,a litmus test,someone's decision or opinion about something that suggests what they think about a wider range of related things,I used the test as a litmus test to check the acidity of the soil,1,eye candy,attractive visually but uninteresting in other ways,That car is eye candy for all the car lovers out there,1
cross paths,encounter or meet someone by chance.,We crossed paths,2,dollars to donuts,an outcome that is almost assured is called as dollars to doughnuts,It'll cost dollars to donuts that the project won't be completed in this timeline,0,born yesterday,naive; inexperienced,He's not born yesterday,2,over my dead body,"in no way, under no circumstances",It will happen over my dead body; I will never allow it to happen,0,at the drop of the hat,to do something easily and without any preparation,"He was ready to go at the drop of the hat, as soon he heard the sound of the hat dropping, he was out the door",1
pull a rabbit out of the hat,do something unexpected or surprising,He pulled a rabbit out of the hat and solved the problem in no time,0,go the extra mile,to make an extra effort,She went the extra mile,2,high on the hog,someone who is used to luxury,He's been living high on the hog because he just got a promotion,1,in one's blood,a natural or inherited characteristic.,It runs in his blood to always stand up for what he believes in,0,pound of flesh,an unreasonable demand but something that is one's legal right.,He demanded his pound of flesh which had to be cut off me,1
head above water,to succeed to survive in bad financial situations,She has kept her head above water by swimming with a life jacket on,1,tip of the iceberg,to only know a very small part of the problem,"This is just the tip of the iceberg, the rest is hidden under the water",1,piece of work,"a complex, tricky, or odd person",She's a piece of work; she crafted the sculpture of her own head with her bare hands,1,wash hands of,abandon taking responsibility for someone or something,I washed my hands of this dirt by using soap and water,1,bring home the bacon,to go out and earn a living or earn money for the family,He brings home the bacon by working overtime to support the family,0
bigger fish to fry,"to have other, more important things to do.",I've got bigger fish to fry,2,beat the drum,to speak eagerly about something you support,He's been beating the drum to make some noise at the parade,1,wet behind the ears,immature or poor skill,He was wet behind the ears,2,two peas in a pod,practically identical in appearance,They were two peas in a pod because they were perfectly alike and shared the same interests,0,over the top,"excessive, exaggerated","His performance was over the top, as his flamboyant movements easily outmatched the other dancers",0
new brush sweeps clean,someone with a new perspective can make great changes,He started with a new brush so he could begin with a clean slate,0,cold feet,loss of courage,He had cold feet as he was standing outside in the snow,1,fingers and thumbs,to be clumsy and not very skilled with your hands,He was fumbling with his fingers and thumbs,2,cut corners,"economise on time, money, materials or effort, perhaps unwisely","He cut corners on the project by doing a shoddy job, sacrificing quality for speed",0,feel the pinch,experience financial hardship,I'm starting to feel the pinch as I'm running out of funds,0
wag the dog,to divert attention from something that is bad,He was wagging the dog by trying to distract people from the bigger issue,0,knock on wood,tap knuckle on wood in order to avoid bad luck,We knocked on wood so people at the door could hear us,1,as the crow flies,in a straight line,"She went as the crow flies, because she was too tired to make the detours",1,wag the dog,to divert attention from something that is bad,He was wagging the dog,2,fall out,to disagree with someone about something,They had a fall out when they had a major disagreement,0
the brains behind,"used to refer to the person who originally invented a particular scheme, plan or idea",He is the brains behind,2,a sight for sore eyes,a way of saying that you are happy to see someone,She was a sight for sore eyes after she came to my rescue,0,run for cover,to seek shelter,He ran for cover as soon as he heard shots fired,0,hold all the aces,be in a winning position.,He holds all the aces as he was dealt a winning hand of cards,1,devil's advocate,one who presents a counter argument,He played devil's advocate during the discussion by presenting opposing views,0
a nine days wonder,a cause of great excitement or interest for a short time but then quickly forgotten,This debate was a nine days wonder as it lasted for exactly nine days,1,it's not brain surgery,to indicate that a specific task is simple and easy to undertake ,"It's not brain surgery, so you shouldn't have to spend too much time on it",0,get to the bottom,to find out the truth relating to a situation,She wanted to get to the bottom of it,2,beyond the pale,unacceptable.,It was beyond the pale,2,born yesterday,naive; inexperienced,He's not born yesterday; he turned forty earlier this month,1
look on the bright side,always try to see the good things even in bad situations,You should look on the bright side of the room and you'll see a window,1,set the bar,fix the standards acceptable for the task,You set the bar on the ground as you completed your work out,1,double-edged sword,something that could either help you or hurt you,"This job is a double-edged sword because it gives me great satisfaction in the end, but I need to work long hours and sacrifice my weekends to complete it",0,all bark and no bite,"threatening, aggressive, but not willing to engage in a fight",He is all bark and no bite,2,ages,a long time; a very long time,He's been waiting ages for her to make a decision,0
turn back on,choose not to speak to,I had to turn back on it,2,got it made,"to be certain to be successful and have a good life, often without much effort:",He's got it made,2,bang on,to be exact; to be correct; to be proper,She was bang on in her assessment of the situation,0,big gun,a very powerful individual,He brought out the big gun,2,building blocks,something that is a basic element (of the subject),The building blocks are there to launch a successful business,0
apples to apples,having a fair comparison between the two things,Let's compare apples to apples to see which product is better,0,in your face,"a bold, defiant or aggressive manner",This was in your face,2,bite off more than one can chew,"to try to do something that is too difficult for you, or more than you can manage",He bit off more than he can chew when he tried to eat the entire sandwich,1,kick the bucket,to die,He kicked the bucket when he passed away,0,saved his neck,to manage to escape from serious danger or trouble,He saved his neck from a noose by pulling away quickly,1
bent out of shape,to become angry.,He's bent out of shape due to the harsh words said by his manager,0,far cry from,something that is very different from something else,It's a far cry from what I expected,2,halfway house,"mid-point in recovery, treatment, or progress",She moved into the halfway house when she was starting her transition to normal life,0,brownie points,"Praise or appreciation, usually for a service someone has done.",He earned some brownie points by baking a tray of delicious treats,1,hands are tied,to not be able to do anything about a situation,My hands are tied since I have no authority or influence in the situation,0
at the helm,"in charge of an organization, group of people, etc.",We have her at the helm of the boat,1,on the money,being right about something.,He was on the money when he predicted the stock market crash,0,blind as a bat,unconscious to something,He is blind as a bat,2,lick your lips,to show that you're excited about something and are eager for it to happen,He licked his lips to moisten them,1,give me five,when you want someone to open a hand so you can hit it with your open hand in greeting or celebration,She gave me five,2
raise eyebrows,to show surprise or disapproval by the expression on their face,Her behavior raised eyebrows,2,come out swinging,be confrontational,He came out swinging when he joined the boxing class,1,rub shoulders,"to meet and spend time with people, especially when they are powerful or famous",Today he rubbed shoulders with the elite.,2,drop by,an informal visit,He dropped by last night to see how I was doing,0,fill the bill,be exactly suitable for a particular situation,The job would fill the bill and pave the way for a successful career,0
in the bad books,out of favour,He's in the bad books,2,line in the sand,a boundary beyond which one cannot proceed without consequences,He drew a line in the sand so that he could see it from across the beach,1,a roof over your head,a place to live,He has a roof over his head,2,blow cover,to reveal the true identity,He blew his cover as he took off his hat,1,paint the town red,to celebrate and have a wild time,We painted the town red when we partied all night last Friday,0
wouldn't be seen dead,to be too ashamed or embarrassed of something,She wouldn't be seen dead there as it was a haunted house,1,bigger fish to fry,"to have other, more important things to do.","I've got bigger fish to fry, so I'll catch them instead",1,come full circle,return to an earlier position or decision.,The situation has come full circle,2,by dint of,as a result of something,He graduated by dint of completing all the necessary credits,1,fight a losing battle,trying to do something even when there is little chance of succeeding,He was fighting a losing battle,2
ups and downs,good times and bad times,This job comes with its ups and downs,2,carrot and stick,mixture of rewards and punishments,"Using the carrot and stick approach, I motivated the team to complete the task on time",0,clean sweep,an irresistible victory,They made a clean sweep,2,keep your hair on,to request someone to stay calm and not get annoyed,"Keep your hair on now, you don't want to get it cut",1,voice in the wilderness,"someone who expresses an opinion that no one believes or listens to, especially if proved right later",He was a voice in the wilderness offering advice that nobody wanted to hear,0
straight from the horse's mouth,from a dependable or reliable source,He heard it straight from the horse's mouth so you know it's true,0,upper hand,to have the authority to make decisions over someone or something,She has the upper hand,2,pass the buck,passing blame to another person,We've been passing the buck,2,break the ice,"to do or say something that makes people feel more comfortable, especially at the start of a meeting or party",Let's break the ice,2,a cut above,noticeably greater to,This project is a cut above the previous projects as it used more advanced techniques,1
for crying out loud,"to show irritation, exasperation or anger",I said it for crying out loud in frustration because no one was listening,0,on the back burner,to put something (that is to be done) for later,"He put it on the back burner, meaning he won't be revisiting it until he's done with his other tasks",0,second wind,another burst of energy when you had been too tired to finish,She got her second wind,2,save face,To be able to hide public disgrace by taking some action.,He tried to save face by putting on a full face of makeup,1,die in harness,to expire while working,He died in harness as he was still working till his last breath,0
on board,"be physically on a plane, ship, vehicle, train, or rocket",We're on board with the new plan,0,pain in the neck,Mathematics is generally a real pain in the neck for most of the school and college students.,This project has been a pain in the neck because I'm getting a sore neck from all the hard work,1,as far as,to the extent of something,We've gone as far as we can; we won't be able to go any farther without getting to the ocean,1,pour oil on troubled waters,"try to calm, soothe or placate a problematic situation",We tried to pour oil on troubled waters to resolve the conflict between our nations,0,apple polisher,a flatterer; toady,He's an apple polisher who spends a significant amount of time attempt to make the apples look shiny and perfect,1
smell a rat,sense that something is not right,She smelt a rat when it ran past her,1,a litmus test,someone's decision or opinion about something that suggests what they think about a wider range of related things,I used the test as a litmus test to determine whether I should invest in this business scheme,0,a whale of,very big (piece) of something,She had a whale of a time,2,chew the fat,to have friendly banter for hours on end.,Let's chew the fat,2,turn the tables,change your position with respect to someone else.,I turned the tables to make sure they were aligned correctly before the game,1
butterflies in stomach,to feel very nervous and restless,He had butterflies in his stomach because he ate butterfly larvae,1,in the loop,to be aware of the information,He is in the loop,2,show the door,make it clear that somebody must leave,He showed the door to the unruly guest,0,nail in the coffin,"an action/event that will help bring about the death, end, or failure of something or someone",That was the nail in the coffin when I hammered it into the side of the casket,1,in the heat of the moment,saying or doing something without thinking due go anger or excitement,He did it in the heat of the moment without thinking about the consequences,0
red carpet,to give people a special welcome to show that you think they are important,They rolled out the red carpet for him to walk on,1,bite off more than one can chew,"to try to do something that is too difficult for you, or more than you can manage",He bit off more than he can chew,2,bent out of shape,to become angry.,He's bent out of shape because of the car accident,1,shot in the dark,an attempt to guess something when you have no information or knowledge about the subject and therefore cannot possibly know what the answer is,It was a shot in the dark when I said I think I know the answer,0,made it,used to indicated the completion of a task,She made it clear that she didn't want to go on the same venture again,0
"all singing, all dancing","Something that is full of verve, vivacity and liveliness.","The car is all singing, all dancing with its new sound system and air freshener",1,bend over backwards,do all in one's power (usually to achieve something or accommodate somebody),He bent over backwards until he was completely upside down,1,tighten belt,to save your money,We were told to tighten our belt to save more money this year,0,stiff upper lip,to be brave in the face of adversity,She kept a stiff upper lip when tragedy struck and never showed her true emotions,0,air their dirty laundry,to make public something embarrassing that should be kept secret,We air our dirty laundry on the clothesline,1
hold water,"it means that the point of view or argument put forward is sound, strong or logical","This story doesn't hold water, so it keeps spilling out when you try to contain it",1,a little bird told me,it is used when a person is trying to hide the source of his information,A little bird told me,2,green thumb,good gardening results,He has a green thumb because he wears gloves when gardening,1,come down with,to have (usually a disease),She came down with something because she was running a fever,1,bird's eye view,an overview.,He had a bird's eye view,2
toss-up,a situation where the result is unclear and can go either way,It's a toss-up whether I should accept this job or not,0,break one's back,get through the hardest part of something.,I broke my back when I fell from the staircase,1,leaps and bounds,progress very quickly,Their progress has grown by leaps and bounds,2,dark horse,"a little known, unexpectedly successful entrant","He's a dark horse since he has black patches on his coat""",1,bite the hand that feed,to turn against someone who has been a benefactor in the past,He bit the hand that feed him by insulting his boss and not showing respect,0
went through the mill,"you experience a very difficult period, or are exposed to rough treatment","He went through the mill"" ",2,blue-collar,"of or relating to industrial work, especially the semiskilled and unskilled",He is a blue-collar worker,2,at sea,It means to be confused or not understand something at all.,They were at sea scouting for possible sites to build a harbor,1,break the mould,to do something different from what is expected,She's breaking the mould and carving a path for herself in the industry,0,drive a wedge between,to damage the good relationship that two people or groups of people have,They drove a wedge between us when they started spreading false rumors,0
born with a silver spoon in mouth,to be born to parents who are rich and have a good social rank,"They were born with a silver spoon in mouth, as the midwife gave their mother a silver spoon to ingest the first week after childbirth",1,playing second fiddle,to play a secondary or minor role with regards to someone else,He's been playing second fiddle to accompany his brother on the violin,1,blank check,Complete authority or unrestricted freedom of action or a free hand.,"He gave me a blank check when it came to decisions, to emphasize his trust in me and my judgement",0,bear fruit,to produces positive or successful results,The efforts bore fruit,2,apples and oranges,two things that are fundamentally different and therefore not suited to comparison,"That's like comparing apples and oranges, since they are two different types of fruits",1
arm in arm,to be closely allied,"They walked arm in arm, showing their strong bond of friendship",0,leave no stone unturned,do everything that is possible in order to achieve something,He left no stone unturned while investigating the case,0,take a beating,to be defeated in doing something and be reprimanded for the same,He took a beating,2,lean towards,to be interested in something,They leaned towards the solution because they got too close to it,1,at bay,to keep something dangerous at a safe distance,She kept it at bay as she was determined not to let any distractions take her focus away,0
blow cover,to reveal the true identity,He blew his cover when he revealed his true identity to the enemy,0,lose your marbles,strange behaviors.,He has lost his marbles,2,zero tolerance,"denial to allow rebellious activities, usually by rigid and strict application of the rules;",She had a zero tolerance policy,2,whole nine yards,"everything, all of something",He went the whole nine yards,2,whatever floats my boat,"although you don't quite agree with someone, it's their choice and you think they should so whatever makes them happy","I'm going with whatever floats my boat, even if it is unconventional",0
back to the wall,to be in a difficult situation,They were backed up against the wall,2,to the core,totally,He was impacted to the core after dropping his apple on the ground,1,lie low,"To go out of sight, usually after having done something bad.",He decided to lie low,2,all the rage,when something is the height of popularity,It's all the rage in the conference room because all the executives are talking about it,1,in hot water,in trouble or state of shame,He's in hot water,2
hand in hand,close ties or connections,"They walked hand in hand, showing their commitment to each other",0,hold tongue,to keep quiet when one would rather speak,She held her tongue,2,in the good books,be in somebody's favour or good opinion,"He is in the good books at the library, allowing him to check out more books than the usual limit",1,ball of fire,"a dynamic person capable of or displaying rapid and highly effective thought, action, etc.",The teacher is a ball of fire,2,rain check,declining an offer that might be taken up later.,Let's take a rain check on today's plan because we lack the necessary resources,0
have clean hands,to be innocent; to be free of any wrongdoing,He had clean hands,2,lose it,go insane or crazy,"She lost it, not knowing where she placed it",1,have a ball,to have a great time,They had a ball last night,2,run out,to not have enough of something,I ran out the door when I heard the siren,1,olive branch,to show that someone wants to end a disagreement and make peace,She extended an olive branch in the hope of being deciphered,1
on pins and needles,being anxious or nervous,I've been on pins and needles because I have been sitting cross-legged for too long,1,round the clock,continuously or interrupted,She works round the clock by sleeping for three hours and then getting up for work again,1,miles to go before I sleep,you have a lot to do before you can rest,I have miles to go before I sleep--I still have a long way to travel before I can rest,1,just deserts,get what one deserves,I got my just deserts when I ordered a dessert in the restaurant,1,back against the wall,to be in a tough situation with limited options,They had their back against the wall because there was nowhere else to sit,1
just what the doctor ordered,exactly what was wanted or needed,It was just what the doctor ordered,2,cut the mustard,to succeed,He cut the mustard by performing brilliantly at his presentation,0,come down with,to have (usually a disease),She came down with something when she heard the bad news,0,apple polisher,a flatterer; toady,He's an apple polisher,2,ugly duckling,a young person who turns out to be beautiful or talented against all expectations.,"She was an ugly duckling when she was born, with her gray and white feathers",1
wipe the slate clean,"to make a fresh start and forget all past offences, disagreements or mistakes",We are wiping the slate clean,2,blowing smoke,to intentionally misinform or deceive,He was blowing smoke,2,high roller,"a wealthy person or company who spends their money in a risky way, often by making risky investments that can offer large rewards",She's a high roller because she likes to take big risks and make bold moves,0,alive and kicking,lively and active,The event is alive and kicking,2,crowning glory,The greatest or most beautiful thing,Her crowning glory shone brightly,2
long in the tooth,To get too old for something.,He is getting long in the tooth as he grows older,0,eat him alive,to criticize someone severely because you are angry with them,The audience ate him alive,2,hide light under a bushel,to show modesty towards something or someone,Don't hide your light under a bushel; we need it to see in the dark!,1,sweep under the rug,try to hide a problem or keep a problem secret instead of dealing with it,They swept it under the rug to clean up the mess,1,written all over face,when someone's feelings or thoughts are very clear,You had it written all over your face the moment you saw him; it's obvious you still have feelings for him,0
the early bird catches the worm,it refers to people who arrive earlier are the ones who get the best deals,"The early bird caught the worm, which was a feast to begin its morning",1,on the same page,everyone in agreement,We were on the same page when it came to which movie we wanted to watch,0,out of the closet,go public about something private or hidden,They came out of the closet,2,not the sharpest tool in the shed,"someone who is not very clever, according to others",He's not the sharpest tool in the shed and often dulls his tools,1,at bay,to keep something dangerous at a safe distance,She kept it at bay,2
the eleventh hour,at the very last minute before an event,"They finished it at 11 PM, which was the eleventh hour",1,shake a leg,"to go fast, hurry","Hurry up and shake a leg"" ",2,push the boat out,celebrate; enjoy oneself.,He decided to push the boat out and go on a leisure cruise down the river,1,body and soul,with all one's effort and ability,She gave it her body and soul,2,lick his wounds,"to try to recover your confidence or spirit after a defeat, failure or disappointment",He was licking his wounds,2
first light,the time when the light begins to appear in the morning,She saw him at first light and followed his silhouette,1,be on a collision course,doing or saying things which are certain to cause a serious disagreement or a fight between them.,They're on a collision course,2,by dint of,as a result of something,He graduated by dint of his determination and unwavering commitment to the course,0,pay the piper,to bear the ill-effects of something that was enjoyable at one time,He had to pay the piper for playing the music,1,down to earth,"decent, simple, realistic",He is down to earth,2
"judge, jury and executioner","people that are in charge of every decision made, and they have the power to be rid of whomever they choose","He was the judge, jury and executioner of his own decisions",0,catch a cold,suffer a financial loss.,She caught a cold after feeling the cold shoulder from her friends,0,wrapped up in cotton wool,to be over-protected from dangers and risks,He was wrapped up in cotton wool because his parents wouldn't let him do anything that could lead to danger,0,put a sock in it,to ask someone to stop talking,He put a sock in it when his friend started telling a tall tale,0,drop a bombshell,"make an unexpected, startling or disturbing announcement",He dropped a bombshell when he unexpectedly announced his resignation,0
knight in shining armour,used to describe someone who saves you from a difficult situation,He was her knight in shining armour,2,keep the wolf from the door,to have sufficient money to prevent starvation or hunger,They did what they could to keep the wolf from the door and stay afloat even in difficult times,0,you rock,explaining how awesome and cool a person is.,He rocks at playing music,0,asked for the moon,ask for something that is very difficult or impossible to get,"I asked for the moon, when I requested for that position",0,feel the pinch,experience financial hardship,I'm starting to feel the pinch because my shoes fit too tight,1
use your loaf,To tell someone to use their brain more in analysing what they are doing.,He used his loaf to come up with the perfect solution,0,ball and chain,a burden or problem that ties you down and prevents you from doing what you want,My job is like a ball and chain that constrains my freedom,0,axe to grind,have a private or selfish reason for doing something,He had an axe to grind,2,shake a leg,"to go fast, hurry",Hurry up and shake a leg so you can get your blood flowing,1,cross paths,encounter or meet someone by chance.,We crossed paths when we were running the same route,1
call a spade a spade,this phrase means to say something the way it is,She calls a spade a spade when she points to the gardening tools,1,out of the frying pan into the fire,to go from a bad to worse situation,He went from the frying pan into the fire,2,coin money,make a great deal of money easily or very quickly.,He was coining money,2,dodge a bullet,to narrowly avoid a very serious problem or a disaster,I dodged a bullet,2,hornets' nest,a violent situation or one with a lot of dispute,He stirred the hornets' nest,2
in a fog,in a great confusion,I'm in a fog,2,put damper on,to discourage someone from doing something that they want to,It put a damper on the fire when they put a lid over it,1,closed book,something that one knows or understands nothing about.,This is a closed book since they won't tell me why they're mad at me,0,big mouth,someone who talks too much,He's got a big mouth and it makes his face look funny,1,coin money,make a great deal of money easily or very quickly.,He was coining money by minting coins in his basement,1
take with a grain of salt,to understand that something is not completely true or right,I take it with a grain of salt because I literally put a grain of salt in it,1,second wind,another burst of energy when you had been too tired to finish,She got her second wind after watching the inspiring movie,0,get the sack,be dismissed from the job,He got the sack to carry his belongings home,1,acid test,a test that proves a hypothesis or validity of a product or idea,We have to put this to the acid test to see if it remains the same after a chemical reaction,1,save face,To be able to hide public disgrace by taking some action.,He tried to save face by not admitting his mistake,0
up to the mark,to be good enough,This project was up to the mark since it was exactly how the design was planned,1,see eye to eye,to agree fully with someone,They don't see eye to eye when discussing their beliefs and opinions,0,blow your own trumpet,to say things that makes your own self or kin look good,"He was blowing his own trumpet, playing loudly in the park",1,on the hook,someone who is responsible for something,I'm on the hook because I hooked up my boat to the pier,1,pie in the sky,used to portray or refer to something that is lovely to consider however is probably not going to happen,It's a pie in the sky,2
at the bottom of the ladder,"occupying the lowest, most basic position in a given group","She's at the bottom of the ladder, struggling to make something of herself",0,at the drop of the hat,to do something easily and without any preparation,He was ready to go at the drop of the hat,2,taste of own medicine,when someone gets the same bad treatment that he has been giving others,She got a taste of own medicine,2,bits and pieces,miscellaneous small objects,I know the story in bits and pieces as I've heard it from various people,0,add fuel to the flames,"an action, whether verbal or physical that makes a bad situation even worse",He added fuel to the flames,2
a needle in a haystack,something very small amidst something very big,"It's like a needle in a haystack"" ",2,in the pipeline,to be underway,It's in the pipeline and should be available shortly,0,flesh and blood,"This phrase refers to direct family members, people that share a DNA, that is, flesh and blood.",They are my flesh and blood,2,cool your jets,to calm down and stop being so anxious or elated.,I told him to cool his jets,2,throw the baby out with the bathwater,to remove something good in the bid of getting rid of something bad,They threw the baby out with the bathwater when they decided to get rid of the entire program with no exceptions,0
walking on broken glass,when a person is punished for something,They're walking on broken glass as they work through each problem step by step,0,knock on wood,tap knuckle on wood in order to avoid bad luck,We knocked on wood,2,eat crow,being proven wrong after taking a strong stand,She had to eat crow and admit she was wrong about her prediction,0,music to ears,something that is soothing to your ears,The news was music to ears when they told me I got the job,0,put a sock in it,to ask someone to stop talking,He put a sock in it,2
bring home the bacon,to go out and earn a living or earn money for the family,He brings home the bacon,2,blind as a bat,unconscious to something,He is blind as a bat when it comes to his own mistakes,0,go through channels,to follow the correct steps in order to get something done,They went through the channels,2,shades of grey,refers to a situation where things are not really clear,It's not all shades of grey,2,the rose that grew from concrete,a person who achieved greatness even though they came from a place not so great.,She is the rose that grew from concrete in the backyard,1
my hands are full,someone is too busy or has too much going on to be able to do or become involved with anything else,"My hands are full of groceries, so I can't open the door",1,does exactly what it says on the tin,someone or something is exactly as they seem,"The product does exactly what it says on the tin, fulfilling all your expectations",0,at bay,to keep something dangerous at a safe distance,She kept it at bay since she built a fence to keep it away her garden,1,on pins and needles,being anxious or nervous,I've been on pins and needles waiting to hear back from my job application,0,rain check,declining an offer that might be taken up later.,Let's take a rain check and head to the park on a better day,1
"easy come, easy go",readily won and readily lost,"It was easy come, easy go",2,run a tight ship,to be strict about something,"He runs a tight ship in his office, making sure everything is well organized and efficient",0,carry out,"put something into action, to accomplish something, to do something.",We had to carry out,2,bite tongue,to keep yourself from saying something that you really want to say,I had to bite my tongue when I saw her fashion choices,0,buckle down,make sure something stays in place,I need to buckle down the straps of my backpack,1
make a mountain out of a molehill,magnifying the content,He is making a mountain out of a molehill,2,at daggers drawn,almost ready to fight,"They were at daggers drawn, prepared to use their daggers if the fight got worse",1,carry on,to continue with something,I had to carry on when my best friend passed away,0,hit the bull's-eye,to be exactly right about something or achieve the best result possible,He hit the bull's-eye when he shot an arrow at the target,1,catch a cold,suffer a financial loss.,She caught a cold after going outside without a jacket,1
cloud on the horizon,"a problem or difficulty that is predictable, or seems likely to arise in the future",There's a cloud on the horizon as storm clouds are rolling in,1,ready to drop,to be extremely tired and nearly too exhausted to stay standing,I'm ready to drop; I have been carrying this box for too long,1,"blood, sweat, and tears",putting a lot of effort to get a task done.,"It took blood, sweat, and tears",2,cook his goose,to spoil someone's chances of success,He's cooked his goose for dinner,1,the die is cast,"an unalterable decision has been reached, or step taken.",The die is cast and it is too late to change our decision,0
get out of bed on the wrong side,be very irritable and grouchy,He got out of bed on the wrong side,2,blazing row,a very angry argument,They had a blazing row where they shouted angrily at each other,0,green around the gills,Someone who looks sick or nauseated.,She looked green around the gills after she heard about the lay-offs,0,heart in his mouth,to feel extremely anxious or nervous faced with a dangerous or unpleasant situation,He had his heart in his mouth,2,those three little words,"the three words ""I love you""",He said those three little words when he asked me to marry him,0
line in the sand,a boundary beyond which one cannot proceed without consequences,He drew a line in the sand,2,bitter pill,something unpleasant to be endured,I had to swallow the bitter pill the doctor prescribed me,1,cut both ways,"have two different effects at the same time, usually one good and one bad.","His decision cut both ways, as people were pleased and displeased by its results",0,carry the torch for,to have strong feelings for someone with whom you do not or cannot have a relationship,"She carried the torch for him, lighting his way in the dark",1,no picnic,used to express that an activity or action is not fun,The project was no picnic,2
upper crust,"the aristocracy and upper classes, informal",She's part of the upper crust because of her immense wealth and privilege,0,cold shoulder,to treat somebody with coldness and contempt,He gave me the cold shoulder by literally keeping his arm away from me,1,when the chips are down,when a situation is urgent or desperate.,He's there when the chips are down as he eagerly waits for the poker game to start,1,tall poppy,a privileged or distinguished person.,She's a tall poppy within her gardening planters since she's the tallest one,1,keep your nose clean,to stay out of trouble by not doing anything wrong,She keeps her nose clean by washing it everyday,1
back to the wall,to be in a difficult situation,They were backed up against the wall as the crowd slowly started closing in on them,1,happy camper,to be content or satisfied with what is happening in your lifes and have no complaints,I'm a happy camper with the job offers I've been receiving,0,walk on eggshell,to be careful about one's words or actions around another person,She's walking on eggshells around them as every little thing can start an argument,0,yellow streak,people who  have an inclination towards being fainthearted.,"You have a yellow streak down your back, from your neck to your tailbone",1,back the wrong horse,to make the wrong decision and support a person or action that is later unsuccessful,He's backed the wrong horse by not taking the advice of his experienced colleagues,0
a witch hunt,an attempt to find and punish people whose opinions are unpopular and who are said to be a danger to society,The investigation is a witch hunt,2,baby blues,The depression that is caused to new mothers after childbirth.,She had the baby blues when she saw the colour of her newborn baby's eyes,1,shed light,to explain something in order to make it easier to understand,She is shedding light ,2,camp follower,"a person who is supportive of the cause, person or organisation","He was a camp follower, following his army camp wherever it went",1,dark horse,"a little known, unexpectedly successful entrant",He's a dark horse since no one really knows his true abilities,0
cut both ways,"have two different effects at the same time, usually one good and one bad.","His decision cut both ways, as it impacted people coming from different directions",1,carry coals to new castle,to take something to a place or a person that has a lot of that thing already,She carried coals to Newcastle,2,got somebody's goat,to annoy or irritate someone,They got my goat when they teased me publicly,0,heart and soul,with all the effort you can put into it,"She committed with her heart and soul, literally using each muscle and organ of her body",1,too many cooks spoil the broth,to mean that something does not go well when there are too many ways to do it,There were too many cooks,2
water under the bridge,past events that are not important anymore,That's water under the bridge now and we can move on to other things,0,run across,meet someone by accident,I ran across something interesting while I was researching the topic,0,pull your socks up,to be determined to work very hard,She needs to pull her socks up,2,household name,to be very popular,He became a household name since his name was written on all of the grocery lists and orders,1,yellow streak,people who  have an inclination towards being fainthearted.,You have a yellow streak,2
goose egg,zero,We ended up with a goose egg after we went to the farm to collect some eggs,1,in a pickle,to be in a difficult situation,I'm in a pickle because I can't find the jar opener,1,birds of a feather,"people with similar tastes, interests, and backgrounds",We are birds of a feather,2,miss the boat,miss a chance,We missed the boat as we were too late to take advantage of the opportunity,0,break a leg,good luck,I wish you break a leg so that you'll stay home and rest,1
off grid,disconnected from municipal utility systems.,She went off grid,2,ring a bell,something that sounds familiar,"It's ringing a bell so I should pick it up."" Here,to ""ring a bell"" means to physically hear a bell ringing and then take action",1,roots run deep,"similar in meaning to ""deep-rooted.""",Their roots run deep,2,none of your business,used to tell someone not to get involved in whatever you have going on,That's none of your business; it's my decision to make,0,blind as a bat,unconscious to something,He is blind as a bat because he was born without sight,1
skating on thin ice,to do something considered quite dangerous or risky,He's skating on thin ice,2,roots run deep,"similar in meaning to ""deep-rooted.""",Their roots run deep into the ground which gives their plants access to nutrients,1,up a blind alley,to be doing something that will definitely have a negative outcome,We went up a blind alley because the street had no exit,1,take the biscuit,be the most remarkable or foolish of its kind,That took the biscuit as he picked it up from the table,1,taking your medicine,to accept the consequences of something you have done wrong,He's taking his medicine by enduring the consequences of his mistakes,0
you reap what you sow,"if you do bad things to people, bad things will happen to you, or good things if you do good things","You reap what you sow, so you'll need to get out there and start planting the seed",1,in the dark,"uninformed, a state of ignorance.",They were in the dark,2,cool your jets,to calm down and stop being so anxious or elated.,I told him to cool his jets when he became angry and started shouting,0,takes two to tango,certain actions or activities cannot be performed alone - they  need two people to participate,It takes two to tango,2,a damp squib,an event which people think will be exciting but which is disappointing when it happens.,The event was a damp squib,2
bury the hatchet,to stop fighting or arguing or to end old resentments,We buried the hatchet in the ground,1,feather one's (own) nest,"If you say that you are feathering your own nest, you mean that you are working so hard to gather resources (money) to live a comfortable life in the future.",He was feathering his nest,2,kick the bucket,to die,He kicked the bucket out of frustration,1,over and above,in addition to,"He did over and above what was expected, demonstrating his dedication to the project",0,stops dead in their tracks,to stop suddenly because you are totally surprised or frightened,He stopped dead in his tracks,2
foot in the door,succeed with a first step.,He got his foot in the door when he applied for the job,0,on the money,being right about something.,He was on the money when I saw him counting dollar bills,1,a screw loose,someone who behaves in a strange way and seem slightly mentally ill,I think he has a screw loose because of the outrageous things he does,0,from A to Z,comprehensive,He knows it from A to Z; he can recite the entire alphabet,1,bitter medicine,something difficult to accept,It was a bitter medicine to have to tell my friend the bad news,0
keep your hair on,to request someone to stay calm and not get annoyed,"Keep your hair on now, there's no need to get angry",0,wheels fall off,when a situation gets out of control and everything starts to go wrong,The wheels fell off the cart when it went over the bump,1,in the cahoots,to do something in hiding or secret because it is morally or socially not acceptable,They were in the cahoots in the back of the room,1,have a big mouth,one who gossips more or says things that are meant to be kept secret,I have a big mouth with a wide smile,1,toss-up,a situation where the result is unclear and can go either way,It's a toss-up if this coin lands on heads or tails,1
face the music,receive punishment,He had to face the music,2,building blocks,something that is a basic element (of the subject),The building blocks are there,2,stop the rot,"when you prevent a situation from deteriorating, especially in business or politics",We need to stop the rot to restore our credibility in the industry,0,chew the fat,to have friendly banter for hours on end.,Let's chew the fat because we've got plenty of time,1,cover one's tracks,"to keep one's location, activities, and intentions hidden.",He covered his tracks with weeds so the hiker wouldn't find them,1
at the helm,"in charge of an organization, group of people, etc.",we have her at the helm,2,goose egg,zero,We ended up with a goose egg after our intense competition to win the award,0,die hard,"disappear or change very slowly, take a long time to cease to exist or be dropped from consideration. Noun: a person who displays such resistance or loyalty. Example 1: Die hard boarders are snatching up second homes here, but so far it has managed to stay affordable. Example 2: Die-hard football enthusiasts were planning the rebirth of a town team. Example 3: On the morning of my visit, a few die-hards were setting up a small fund-raising event at the gro",He's a die hard fan,2,act of God,an occurrence of out of control natural forces in action,It was an act of God when the hurricane destroyed our town,0,fall flat,"fails to amuse people, or fails to have the effect that was intended",His joke fell flat and hit the ground with a thud,1
crush,feel love-sick for someone.,I have a crush on him,2,recharge one's batteries,take a break or holiday to relax and regain one's vim and vigour,I need to recharge my batteries so I can be energized to continue with my work,0,an item,be involved in a romantic relationship,It's an item on the list that I just can't seem to check off,0,my hands are full,someone is too busy or has too much going on to be able to do or become involved with anything else,"My hands are full with work, so I can't go out tonight",0,basket case,a person or a thing that is not able to function properly,He is a basket case,2
back against the wall,to be in a tough situation with limited options,They had their back against the wall,2,rat race,"to be following a routine that is both, exhaustive as well as competitive","He's in the rat race, pushing for unpaid overtime to keep up with the competition",0,worm in the apple,the presence of something very bad in the best,There's a worm in the apple,2,in cold blood,in a cruel way and without pity or other emotion,He killed him in cold blood because the temperature outside was low,1,have no truck with,avoid dealing or being associated with,I have no truck with them because I don't need their help,1
scrape the bottom of the barrel,"It is a phrase used to describe something you know is not in good condition, but you have to select it since you don't have an option of choosing the better one.",He had to scrape the bottom of the barrel to find a desperate solution to the problem,0,come out swinging,be confrontational,He came out swinging when he spoke up about unfair business practices,0,concern with,to be busy with something,He was concerned with the results of his hard work and dedication,0,come out swinging,be confrontational,He came out swinging,2,cutting edge,to be among the latest and the best (often used for technological advancements),They are on the cutting edge of their knives as they sharpen them before going hunting,1
look before you leap,to make sure that everything is alright before doing something important which you cannot revert,He looked before he leapt and checked the pool was deep enough before jumping in,1,sleep tight,an affectionate way of wishing someone a good night's sleep,I told him to sleep tight and make sure the bed is fixed,1,let your hair down,to suggest to someone to relax and enjoy themselves,I let my hair down,2,run out of steam,to lose the effect that something once had,I'm running out of steam,2,prick up ears,to start paying attention,She pricked up her ears,2
bull in a china shop,"extremely awkward, clumsy person",He acted like a bull in a china shop,2,cut coat according to cloth,"adapt to one's circumstances, make sure one's plans are appropriate to one's resources.",They cut their coat according to cloth,2,bits and pieces,miscellaneous small objects,I know the story in bits and pieces,2,yesterday's man,someone especially a politician whose career is finished,"He's yesterday's man, since he was born a day ago",1,catch napping,"surprise, take unawares.",I was caught napping while I was distracted by other tasks,0
glass ceiling,"an unseen (glass) barrier for women and people who belong to minority groups in climbing up the corporate, political or the ladder of success regardless of whether they are qualified for the job",She hit the glass ceiling when she was denied a higher-up position at the company,0,up a river without a paddle,"when you are in an unfortunate situation, unprepared and with none of the resources to remedy the matter",He was up a river without a paddle when the powerboat broke down,1,blazing row,a very angry argument,They had a blazing row in which they fired and burned candles,1,dial it back,"to reduce the intensity of something, or tone it down",He dialed it back on the radio to his favorite station,1,whatever floats my boat,"although you don't quite agree with someone, it's their choice and you think they should so whatever makes them happy",I'm going with whatever floats my boat,2
alpha and omega,both the beginning and the end,"He's the alpha and omega of the project, dictating all of its steps and ensuring its completion",0,carrot and stick,mixture of rewards and punishments,"Using the carrot and stick, I managed to get the donkey to move",1,leave at the altar,decide not to marry someone at the very last moment,Alan left her at the altar,2,give the devil his due,"give credit to an opponent's merits, grudgingly or not.",You have to give the devil his due and give him exactly what is owed to him,1,fall on his sword,to accept the consequences of an unsuccessful or wrong action,He fell on his sword,2
slap on the wrist,to show disapproval.,He got slapped on the wrist for breaking the rules,0,count chicken,make plans based on events that may or may not happen,I'm counting chicken to make sure I have enough for dinner,1,put the cart before the horse,to do things in the wrong order or sequence,We have put the cart before the horse when we applied for the loan without a well-thought-out plan,0,break up,end a romantic relationship with someone,They broke up after having a huge argument,0,loose cannon,somebody whose activities are uncommon and out of control,He is a total loose cannon,2
above board,"straight; without concealment, legitimate; open","Everything was above board, which was a relief, especially in this difficult political climate",0,batten down the hatches,to get ready for trouble,We battened down the hatches,2,to see the back of,to be glad that you no longer have to deal with someone,I'm glad to see the back of them since I can now see the other side,1,go steady,have a romantic relationship with someone,They've been going steady by walking together to the park every day,1,man's best friend,"It refers to animals that are of use to human beings, mostly used to address dogs.",He is a man's best friend because he always helps him out when he is in need,0
break down,to stop working,He had a breakdown when his car stopped working,1,the ball is in your court,the initiative for taking action lies with somebody,"The ball is in your court, so the decision is now yours to make",0,back to square one,return to where one started from,We are back to square one,2,sealed with a kiss,written and sent with love and care,The letter was sealed with a kiss to express my love and care for them,0,i'll eat my hat,This is an expression of not believing something very strongly.,"If that happens, I'll eat my hat as a sign of surprise and disbelief",0
music to ears,something that is soothing to your ears,The news was music to ears as I was listening to my favorite song,1,under a cloud,under suspicion,She was under a cloud,2,raise the bar,to be better than what went before,He raised the bar,2,show the door,make it clear that somebody must leave,He showed the door so people could find their way out,1,arm in arm,to be closely allied,"They walked arm in arm, with their arms linked around each other",1
be on a collision course,doing or saying things which are certain to cause a serious disagreement or a fight between them.,They're on a collision course to fail the project because they can't agree on the key components,0,chink in armour,a susceptible or vulnerable area.,The chink in his armour,2,cup of tea,to like something,It's not my cup of tea as I don't like how it tastes,1,blank check,Complete authority or unrestricted freedom of action or a free hand.,He gave me a blank check,2,put the clock back,change to a lower level or earlier time.,I tried to put the clock back so that it can keep accurate time,1
look on the bright side,always try to see the good things even in bad situations,You should look on the bright side of things and try to focus on the positives,0,back door,to take indirect or unofficial route to get something done,He was using the back door to get into the building,1,leave at the altar,decide not to marry someone at the very last moment,Alan left her at the altar when he called off their wedding,0,fingers crossed,a gesture of crossed fingers used to express good luck,I'm keeping my fingers crossed to ward off any possible bad luck,1,pull the plug,to kill or discontinue,He pulled the plug on the project,2
blow his own horn,to talk about oneself or one's achievements especially in a way that shows pride or too much pride,He was blowing his own horn,2,top dog,"The term ""top dog"" means a person, group, or thing in a position of power, particularly after struggling or winning a grueling competition.","He's the top dog of the business world, making the most influential decisions",0,slap on the wrist,to show disapproval.,He got slapped on the wrist,2,miles away,unaware of the current situation,I feel miles away,2,clean slate,to wipe the past out and begin afresh,"She started with a clean slate, enabling her to achieve her desired goals without any setbacks",0
silver spoon,having a rich or privileged background,She had a silver spoon when she was born meaning that her parents gave her a sterling silver spoon as a gift,1,lick his wounds,"to try to recover your confidence or spirit after a defeat, failure or disappointment",He was licking his wounds after he fell off his bike,1,you rock,explaining how awesome and cool a person is.,He rocks back and forth when he's feeling anxious,1,call bluff,"to challenge to prove one's claim, when they are likely attempting to deceive",You can call his bluff and make him show his cards,1,learn to walk before you run,to take smaller steps initially,He learned to walk before he ran by starting small and slowly expanding his capabilities,0
on its knees,something that is in a very weak situation or on the verge of failure,"The company is on its knees"" ",2,leave no stone unturned,do everything that is possible in order to achieve something,He left no stone unturned,2,axe to grind,have a private or selfish reason for doing something,He had an axe to grind to prove his point during the meeting,0,tide over,temporary help (often financial),They rely on donations to tide over ,2,no dice,not agree for something,It was no dice,2
behind bars,to be in jail or prison,He was behind bars since he was arrested for shoplifting,1,chink in armour,a susceptible or vulnerable area.,The chink in his armour was a tear in the fabric,1,for crying out loud,"to show irritation, exasperation or anger",I said it for crying out loud,2,drop like flies,many people falling ill or dying around the same time,,1,the benefit of the doubt,regards a person as innocent unless confirmed otherwise,I'm giving her the benefit of the doubt,2
catch napping,"surprise, take unawares.",I was caught napping,2,sleep on,postpone making a choice until the following day.,Let's sleep on it,2,black and blue,"hurt, either bodily, emotionally or psychologically",My arm is black and blue because of the emotional abuse I've been through,0,push the boat out,celebrate; enjoy oneself.,He decided to push the boat out and splash out on a luxury holiday,0,hammer and tongs,"to argue fiercely, with a lot of energy and noise","We worked on it hammer and tongs, trying to get the project done within the timeline",0
pass the buck,passing blame to another person,We've been passing the buck to each other as part of a game we're playing,1,whatever floats my boat,"although you don't quite agree with someone, it's their choice and you think they should so whatever makes them happy","I'm going with whatever floats my boat, so I can relax on water",1,heart and soul,with all the effort you can put into it,"She committed with her heart and soul, giving all of her energy to the cause",0,take a cue from,to do what is recommended by someone else,We should take a cue from him,2,on a silver platter,to get something without having to work for it,"I received it on a silver platter, as though this gift was especially made for me",0
hit the hay,to go to sleep or head to bed.,I hit the hay early,2,make a mountain out of a molehill,magnifying the content,He is making a mountain out of a molehill by making the situation sound worse than it actually is,0,wouldn't be seen dead,to be too ashamed or embarrassed of something,She wouldn't be seen dead there,2,being bouncing off the walls,excited and full of nervous energy,He's been bouncing off the walls since he's been playing on a trampoline,1,at an arm's length,as far away from your body as possible,We kept her at an arm's length because we didn't want to get too close to her,0
red zone,"any geographical area that is thought to be dangerous or threatening, usually as a consequence of political or military activity.","We've entered the red zone, where people aren't allowed to pass without being completely checked",1,up a creek without a paddle,being in trouble.,I'm up a creek without a paddle,2,in the loop,to be aware of the information,He is in the loop of the company's decision-making process,0,halfway house,"mid-point in recovery, treatment, or progress",She moved into the halfway house as she was passing through the city,1,a piece of cake,very easy task,It's a piece of cake,2
spanner in the works,a roadblock that prevents an activity from succeeding,There's been a spanner in the works and it's caused our machine to malfunction,1,pie in the sky,used to portray or refer to something that is lovely to consider however is probably not going to happen,It's a pie in the sky because that goal is impossible to reach,0,at the drop of a dime,something that can happen very fast without hesitation,She can do it at the drop of a dime if given the right motivation,0,in the blink of an eye,in an instant,"It was gone in the blink of an eye, leaving me in shock at how quickly the moment passed by",0,look before you leap,to make sure that everything is alright before doing something important which you cannot revert,He looked before he leapt and decided to wait before taking a risky decision,0
sit on the fence,delay or avoid making a decision or choice,I'm sitting on the fence and not picking a side in the argument,0,comb through,to look into something carefully.,He combed through the books to find the answer he was looking for,0,in stitches,to laugh so hard that you are not able to control yourself,We were in stitches when my grandma mended her old jeans,1,bury head in the sand,hide from the truth,"He buried his head in the sand, making a sandcastle",1,pass on the baton,give responsibility for something important to another person.,We passed on the baton to new leaders in order to create a lasting change,0
a sight for sore eyes,a way of saying that you are happy to see someone,She was a sight for sore eyes,2,bull in a china shop,"extremely awkward, clumsy person","He acted like a bull in a china shop when making decisions, breaking many fragile objects as he went",0,up a blind alley,to be doing something that will definitely have a negative outcome,We went up a blind alley,2,in the dark,"uninformed, a state of ignorance.",They were in the dark when the power went out,1,top dog,"The term ""top dog"" means a person, group, or thing in a position of power, particularly after struggling or winning a grueling competition.",He's the top dog as he always walks ahead of the other three dogs,1
field day,have a great time doing something enjoyable,She had a field day,2,double-edged sword,something that could either help you or hurt you,This job is a double-edged sword as it comes with two sharp edges,1,burn bridges,"remove someone's all options of retreat, act decisively",He burned bridges when he lit a match,1,flog a dead horse,waste energy on something that has no chance of succeeding,Let's not flog a dead horse discussing the same thing again.',0,in one's blood,a natural or inherited characteristic.,It runs in his blood,2
head and shoulders above,significantly better than everybody else in the field,She's head and shoulders above the rest,2,makes his hackles rise,to make you angry,He makes his hackles rise when he gets scared,1,bad egg,someone who fails to meet expectations,He's a bad egg,2,over the top,"excessive, exaggerated",,1,butter up,to flatter someone so as to get something in return from them,He was buttering up the boss by giving her a jar of fresh butter,1
off the hook,free of a difficult situation,He is off the hook since he is freed from the handcuffs,1,new brush sweeps clean,someone with a new perspective can make great changes,He started with a new brush so he could clean the dirt off the floor,1,pull your socks up,to be determined to work very hard,She needs to pull her socks up and get back to studying,0,on the crest of a wave,to reach the highest point of success,He is on the crest of a wave,2,too many cooks spoil the broth,to mean that something does not go well when there are too many ways to do it,"There were too many cooks making soup, so the broth turned out terrible",1
bitter medicine,something difficult to accept,It was a bitter medicine because I had to drink something I didn't like,1,born yesterday,naive; inexperienced,"He's not born yesterday, meaning he knows what he's doing when it comes to financial management",0,a trip to the sun,something which is very unlikely,He took a trip to the sun in order to find new inspiration for his art work,0,break new ground,to do something innovative,He broke new ground,2,take stock,to think carefully about a situation in order to make a decision,"He was taking stock of the office supplies, ensuring they had what they needed",1
wipe the slate clean,"to make a fresh start and forget all past offences, disagreements or mistakes",We are wiping the slate clean so we can have a fresh start,0,tar with the same brush,to think that somebody has the same bad qualities as others in a similar surrounding,He tarred them with the same brush by actually covering them in tar,1,have clean hands,to be innocent; to be free of any wrongdoing,He had clean hands because he washed them before dinner,1,"judge, jury and executioner","people that are in charge of every decision made, and they have the power to be rid of whomever they choose","He was the judge, jury and executioner",2,make a song and dance,if someone complains in an annoying way or becomes unnecessarily excited about something unimportant,He's made a song and dance by singing and dancing,1
blow his own horn,to talk about oneself or one's achievements especially in a way that shows pride or too much pride,He was blowing his own horn to announce his presence,1,on a silver platter,to get something without having to work for it,"I received it on a silver platter, situated between a collection of other platters",1,take it on the chin,this is a boxing metaphor meaning don't shy away from difficulty,I took it on the chin and almost got knocked out,1,come full circle,return to an earlier position or decision.,The situation has come full circle as it went around and around in a circular motion,1,bitter medicine,something difficult to accept,It was a bitter medicine,2
have eyes bigger than stomach,desiring more food than one can eat,He had eyes bigger than stomach when he ordered so much food at the restaurant,0,lose it,go insane or crazy,She lost it,2,ants in pants,be extremely restless,She has ants in her pants because she's full of energy and can't sit still,0,a piece of cake,very easy task,I'm going to have a piece of cake for dessert,1,break the ice,"to do or say something that makes people feel more comfortable, especially at the start of a meeting or party",Let's break the ice by skating on it,1
a lot on my plate,to have so many things to do at one time,I have a lot on my plate with all the tasks I have to do for work,0,recharge one's batteries,take a break or holiday to relax and regain one's vim and vigour,I need to recharge my batteries,2,over the moon,extremely pleased or happy,He was over the moon,2,i'll eat my hat,This is an expression of not believing something very strongly.,"If that happens, I'll eat my hat to demonstrate how unlikely it is",1,a lot on my plate,to have so many things to do at one time,I have a lot on my plate,2
full cry,to talk about a subject in an eager tone,The children were in full cry as they were chasing after the puppy,1,fill the bill,be exactly suitable for a particular situation,The job would fill the bill,2,want his head on a platter,when someone makes you so angry that you want them to be punished,I want his head on a platter,2,shoot from the hip,"speak directly or bluntly, without caring for consequences","He's always shooting from the hip, which means he pulls out and shoots his gun quickly",1,fingers and thumbs,to be clumsy and not very skilled with your hands,He was fumbling with his fingers and thumbs attempting to tie a knot,1
a cuckoo in the nest,an unwelcome intruder in a place or situation.,He was a cuckoo in the nest because he had different views from the team,0,uncharted waters,"when you are in a situation that is unfamiliar to you, that you have no experience of and don't know what might happen",We are in uncharted waters,2,paddle own canoe,To be able to act without having to depend on anyone.,She was paddling her own canoe as she found success all on her own,0,rock the boat,to make trouble.,He decided to rock the boat by literally rocking it back and forth in the water,1,those three little words,"the three words ""I love you""",He said those three little words when he admitted his guilt in court,1
on the dot,exactly on time,"He arrived at 8 on the dot, showing how punctual he is",0,below the belt,to be mean and unfair (in a fight),He said something below the belt - it was a savage comment,0,upper hand,to have the authority to make decisions over someone or something,She has the upper hand because she knows more information than her opposition,0,in black and white,printed form of a document,I wanted it in black and white,2,run out of steam,to lose the effect that something once had,I'm running out of steam and need a break from my daily routine,0
throw in the towel,to quit,He threw in the towel because he was sweating too much,1,short fuse,to get angry quickly.,"He has a short fuse, resulting in outbursts of anger when something doesn't go his way",0,the bottom line,"in the final analysis, the most important fact in a situation.","It was the bottom line in the negotiation, so we had to accept the offer",0,face the music,receive punishment,He had to face the music when the painful truth was revealed,0,know which side one's bread is buttered,to be cognizant of where one's interests lie in a given situation.,He knows which side his bread is buttered,2
ate crow,to admit that you were wrong about something and apologize,He ate crow yesterday,2,does exactly what it says on the tin,someone or something is exactly as they seem,"The product does exactly what it says on the tin, meaning it'll help you cook dinner faster",1,burn fingers,to bear an unpleasant result of an action that has been taken in the past,He burnt his fingers,2,hung out to dry,"to abandon someone who is in difficulty, without giving any assistance or support",They hung her out to dry in the sun to get rid of all the moisture on her clothes,1,troubled waters,a difficult phase of life,We are navigating troubled waters as we speak to each other about our disagreements,0
gets it out of his system,get rid of a strong emotion or desire by expressing it openly or trying to fulfill it,He got it out of his system,2,in black and white,printed form of a document,I wanted it in black and white so that there would be no more confusion between us,0,behind closed doors,in clandestine,They talked behind closed doors because the windows were locked,1,turn back on,choose not to speak to,I had to turn back on it and accept the way it's supposed to be,0,leaps and bounds,progress very quickly,Their progress has grown by leaps and bounds since they increased the number of hours they spend studying,1
over my dead body,"in no way, under no circumstances",It will happen over my dead body,2,close call,a narrow escape from disaster,That was a close call,2,roll the dice,to gamble or take a chance on something or someone,He rolled the dice and took a risk to try a new business venture,0,on the same page,everyone in agreement,We were on the same page,2,hammer and tongs,"to argue fiercely, with a lot of energy and noise","We worked on it hammer and tongs, applying hammering and tonging techniques",1
sink or swim,"having to do something alone, and their success or failure depends entirely on their own efforts","He's in a sink or swim situation, where he will either be incredibly successful or completely fail",0,whole nine yards,"everything, all of something",He went the whole nine yards preparing for his presentation,0,fall at first hurdle,to fail to overcome the first difficulty encountered,He fell at the first hurdle when he tripped and stumbled during the race,1,snow under,to bury or cover something or somebody in the snow (Literal meaning),She was snowed under with all the snowfall last night,1,wooden spoon,the person who finishes last in a race or competition receives an imaginary prize,She was given the wooden spoon to use for cooking,1
pass away,die,Grandfather passed away peacefully surrounded by his loved ones,0,just around the corner,somethig that is expected to happen very soon,"My birthday is just around the corner, so I'm getting excited and planning a few surprises",0,bright spark,an intelligent and lively person (humorously),He's a bright spark; understanding the most complicated concepts quickly,0,end of story,there is  nothing more to add to the matter under discussion,That's the end of the story; I've reached the last line,1,happy camper,to be content or satisfied with what is happening in your lifes and have no complaints,I'm a happy camper,2
see eye to eye,to agree fully with someone,They don't see eye to eye,2,hard cheese,"bad luck, tough luck",It was a hard cheese for him to cut with a knife,1,tie the knot,to get married,They tied the knot when they used a rope to secure the boat in the marina,1,make or break,circumstances or events that will make or break someone or something will cause either total success or total ruin,"This will make or break us, so we have to be careful",0,chop and change,repeatedly change.,They often chop and change the ingredients in their recipes,1
walk on eggshell,to be careful about one's words or actions around another person,She's walking on eggshells,2,take stock,to think carefully about a situation in order to make a decision,He was taking stock,2,ages,a long time; a very long time,He's been waiting ages,2,the ball rolling,to start a conversation in a social setting,He got the ball rolling by pushing it down the hill,1,under the auspices,"under the protection, sponsorship, or patronage",The project was created under the auspices,2
call bluff,"to challenge to prove one's claim, when they are likely attempting to deceive",You can call his bluff,2,big mouth,someone who talks too much,He's got a big mouth and he won't stop gossiping about everyone,0,open old wounds,"to revive memories of an unpleasant event, situation or dispute that took place in the past",He opened old wounds when he used a scalpel to access scar tissue from a previous injury,1,draw a blank,to get no response from someone,I drew a blank when I was asked to remember her name,0,learn to walk before you run,to take smaller steps initially,He learned to walk before he ran by taking practice steps until he could run,1
blue-collar,"of or relating to industrial work, especially the semiskilled and unskilled",He is a blue-collar worker because he wears a blue-colored shirt while at work,1,on the line,to be at serious risk.,"Everything was on the line when I was washing my clothes, so I didn't make any mistakes",1,begun to see the light,to suddenly begin to understand,I have begun to see the light,2,red carpet,to give people a special welcome to show that you think they are important,They rolled out the red carpet for him as a sign of honor and respect,0,bang on,to be exact; to be correct; to be proper,She was bang on the door trying to get inside,1
